-- Bảng
CREATE DATABASE PIZZA;
GO
USE PIZZA;
GO
CREATE TABLE QUYENHAN (
  MaQuyen char(5) NOT NULL,
  TenQuyen nvarchar(50) NOT NULL,
  PRIMARY KEY (MaQuyen)
);
GO
CREATE TABLE CHITIETQUYENHAN (
  MaQuyen char(5) NOT NULL,
  TenForm varchar(20) NOT NULL,
  DuocDoc int NOT NULL, /* 0: Không cho đọc, 1: Cho đọc toàn bộ dữ liệu, 2: Cho đọc dữ liệu của tôi */
  DuocGhi int NOT NULL,
  PRIMARY KEY (MaQuyen, TenForm),
  FOREIGN KEY (MaQuyen) REFERENCES QUYENHAN(MaQuyen)
);
GO
CREATE TABLE CONGVIEC (
  MaCongViec char(5) NOT NULL,
  TenCongViec nvarchar(40) NOT NULL,
  MoTa nvarchar(100) NOT NULL,
  MucLuong int NOT NULL CHECK (MucLuong >= 0),
  PRIMARY KEY (MaCongViec)
);
GO
CREATE TABLE LOAIPIZZA (
  MaLoai char(5) NOT NULL,
  TenLoai nvarchar(40) NOT NULL,
  PRIMARY KEY (MaLoai)
);
GO
CREATE TABLE NHACUNGCAP (
  MaNCC char(5) NOT NULL,
  TenNCC nvarchar(50) NOT NULL,
  DiaChi nvarchar(100) NOT NULL,
  SDT varchar(12) NOT NULL CHECK (
    SDT LIKE '0[0-9][0-9][0-9][0-9][0-9][0-9][0-9][0-9]' OR
    SDT LIKE '0[0-9][0-9][0-9][0-9][0-9][0-9][0-9][0-9][0-9]' OR
    SDT LIKE '0[0-9][0-9][0-9][0-9][0-9][0-9][0-9][0-9][0-9][0-9]'
  ),
  PRIMARY KEY (MaNCC)
);
GO
CREATE TABLE NGUYENLIEU (
  MaNL char(5) NOT NULL,
  TenNL nvarchar(50) NOT NULL,
  SoLuong float NOT NULL CHECK (SoLuong >= 0),
  DonViTinh nvarchar(10) NOT NULL,
  DonGia int NOT NULL CHECK (DonGia > 0),
  PRIMARY KEY (MaNL)
);
GO
CREATE TABLE BAN (
  MaBan char(4) NOT NULL,
  TenBan nvarchar(50) NOT NULL,
  PRIMARY KEY (MaBan)
);
GO
CREATE TABLE NGUOIDUNG (
  MaND char(5) NOT NULL,
  HoTen nvarchar(40) NOT NULL,
  GioiTinh nvarchar(3) NOT NULL CHECK (GioiTinh IN (N'Nam', N'Nữ')),
  TenDangNhap varchar(50) NOT NULL UNIQUE,
  MatKhau char(64) NOT NULL,
  Email varchar(50) NOT NULL CHECK (Email LIKE '%@%.%'),
  NgaySinh date NOT NULL,
  SDT varchar(12) NOT NULL CHECK (
    SDT LIKE '0[0-9][0-9][0-9][0-9][0-9][0-9][0-9][0-9]' OR
    SDT LIKE '0[0-9][0-9][0-9][0-9][0-9][0-9][0-9][0-9][0-9]' OR
    SDT LIKE '0[0-9][0-9][0-9][0-9][0-9][0-9][0-9][0-9][0-9][0-9]'
  ),
  TrangThaiDangNhap bit NOT NULL,
  MaCongViec char(5) NOT NULL,
  MaQuyen char(5) NOT NULL,
  PRIMARY KEY (MaND),
  FOREIGN KEY (MaCongViec) REFERENCES CONGVIEC(MaCongViec),
  FOREIGN KEY (MaQuyen) REFERENCES QUYENHAN(MaQuyen),
  CHECK (MaCongViec = 'KH00V' OR YEAR(GetDate()) - YEAR(NgaySinh) >= 18)
);
GO
CREATE TABLE PIZZA (
  MaPizza char(5) NOT NULL,
  TenPizza nvarchar(50) NOT NULL,
  FileHinh varchar(100) NOT NULL,
  GiaBan int NOT NULL,
  MaLoai char(5) NOT NULL,
  NgungBan bit NOT NULL,
  PRIMARY KEY (MaPizza),
  FOREIGN KEY (MaLoai) REFERENCES LOAIPIZZA(MaLoai),
  CHECK (GiaBan > 0)
);
GO
CREATE TABLE CONGTHUC (
  MaCongThuc char(5) NOT NULL,
  TacGia nvarchar(50) NOT NULL,
  MaPizza char(5) NOT NULL,
  KhauHao int NOT NULL,
  PRIMARY KEY (MaCongThuc),
  FOREIGN KEY (MaPizza) REFERENCES PIZZA(MaPizza),
  CHECK (KhauHao >= 0)
);
GO
CREATE TABLE CHITIETCONGTHUC (
  MaCongThuc char(5) NOT NULL,
  MaNL char(5) NOT NULL,
  SoLuong float NOT NULL,
  ThoiGianCheBien float NOT NULL,
  PRIMARY KEY (MaCongThuc, MaNL),
  FOREIGN KEY (MaCongThuc) REFERENCES CONGTHUC(MaCongThuc),
  FOREIGN KEY (MaNL) REFERENCES NGUYENLIEU(MaNL),
  CHECK (ThoiGianCheBien > 0),
  CHECK (SoLuong > 0)
);
GO
CREATE TABLE HOADON (
  MaHoaDon char(9) NOT NULL,
  MaKH char(5) NOT NULL,
  MaNV char(5) NULL,
  MaBan char(4) NOT NULL,
  NgayDat date NOT NULL,
  ThoiGianDat time(0) NOT NULL,
  PhuongThucThanhToan int NOT NULL,
  KhachTra int NOT NULL,
  GhiChu nvarchar(1023) NOT NULL,
  PRIMARY KEY (MaHoaDon),
  FOREIGN KEY (MaKH) REFERENCES NGUOIDUNG(MaND),
  FOREIGN KEY (MaNV) REFERENCES NGUOIDUNG(MaND),
  FOREIGN KEY (MaBan) REFERENCES BAN(MaBan),
  CHECK (KhachTra >= 0)
);
GO
CREATE TABLE CHITIETHOADON (
  MaHoaDon char(9) NOT NULL,
  MaPizza char(5) NOT NULL,
  SoLuong int NOT NULL CHECK (SoLuong > 0),
  PRIMARY KEY (MaHoaDon, MaPizza),
  FOREIGN KEY (MaHoaDon) REFERENCES HOADON(MaHoaDon) ON DELETE CASCADE,
  FOREIGN KEY (MaPizza) REFERENCES PIZZA(MaPizza)
);
GO
CREATE TABLE NHAP (
  MaNhap char(5) NOT NULL,
  NgayNhap date NOT NULL,
  ThoiGianNhap time(0) NOT NULL,
  MaNV char(5) NOT NULL,
  MaNCC char(5) NOT NULL,
  PRIMARY KEY (MaNhap),
  FOREIGN KEY (MaNV) REFERENCES NGUOIDUNG(MaND),
  FOREIGN KEY (MaNCC) REFERENCES NHACUNGCAP(MaNCC)
);
GO
CREATE TABLE CHITIETNHAP (
  MaNhap char(5) NOT NULL,
  MaNL char(5) NOT NULL,
  SoLuong float NOT NULL CHECK (SoLuong > 0),
  PRIMARY KEY (MaNhap, MaNL),
  FOREIGN KEY (MaNhap) REFERENCES NHAP(MaNhap) ON DELETE CASCADE,
  FOREIGN KEY (MaNL) REFERENCES NGUYENLIEU(MaNL)
);
GO
CREATE TABLE GIOHANG (
  MaND char(5) NOT NULL,
  MaPizza char(5) NOT NULL,
  SoLuong int NOT NULL CHECK (SoLuong > 0),
  PRIMARY KEY (MaND, MaPizza),
  FOREIGN KEY (MaND) REFERENCES NGUOIDUNG(MaND),
  FOREIGN KEY (MaPizza) REFERENCES PIZZA(MaPizza)
);
GO
CREATE TABLE CHEBIEN (
  MaCheBien char(9) NOT NULL,
  MaCongThuc char(5) NOT NULL,
  MaHoaDon char(9) NOT NULL,
  MaNV char(5) NOT NULL,
  NgayLap date NOT NULL,
  ThoiGianLap time(0) NOT NULL,
  PRIMARY KEY (MaCheBien),
  FOREIGN KEY (MaCongThuc) REFERENCES CONGTHUC(MaCongThuc),
  FOREIGN KEY (MaNV) REFERENCES NGUOIDUNG(MaND),
  FOREIGN KEY (MaHoaDon) REFERENCES HOADON(MaHoaDon)
);

-- Hàm & thủ tục
GO
CREATE PROCEDURE PROC_NGUOIDUNG_DANGNHAP(@TenDangNhap AS varchar(50)) AS BEGIN
    SELECT * FROM NGUOIDUNG
        LEFT JOIN QUYENHAN ON NGUOIDUNG.MaQuyen = QUYENHAN.MaQuyen
        LEFT JOIN CHITIETQUYENHAN ON QUYENHAN.MaQuyen = CHITIETQUYENHAN.MaQuyen
    WHERE TenDangNhap = @TenDangNhap
END
GO
CREATE PROCEDURE PROC_HOADON_TONGTIEN(@MaHoaDon AS char(9), @MaPizza AS char(5) = NULL) AS BEGIN
	SELECT COALESCE(
		(SELECT SUM(GiaBan * SoLuong) FROM CHITIETHOADON
		  JOIN PIZZA ON CHITIETHOADON.MaPizza = PIZZA.MaPizza
		WHERE MaHoaDon = @MaHoaDon AND (@MaPizza IS NULL OR PIZZA.MaPizza = @MaPizza)),
		0
	);
END
GO
CREATE FUNCTION FUNC_HOADON_TONGTIEN(@MaHoaDon AS char(9), @MaPizza AS char(5) = NULL) RETURNS BIGINT AS BEGIN
	RETURN(SELECT COALESCE(
		(SELECT SUM(GiaBan * SoLuong) FROM CHITIETHOADON
		  JOIN PIZZA ON CHITIETHOADON.MaPizza = PIZZA.MaPizza
		WHERE MaHoaDon = @MaHoaDon AND (@MaPizza IS NULL OR PIZZA.MaPizza = @MaPizza)),
		0
	));
END
GO
CREATE PROCEDURE PROC_NHAP_TONGTIEN(@MaNhap AS char(5), @MaNL AS char(5) = NULL) AS BEGIN
	SELECT COALESCE(
		(SELECT SUM(DonGia * CHITIETNHAP.SoLuong) FROM CHITIETNHAP
            JOIN NGUYENLIEU ON CHITIETNHAP.MaNL = NGUYENLIEU.MaNL
        WHERE MaNhap = @MaNhap AND (@MaNL IS NULL OR NGUYENLIEU.MaNL = @MaNL)),
		0
	);
END
GO
CREATE FUNCTION FUNC_PIZZA_GIAVON(@MaPizza AS char(5), @MaCongThuc AS char(5) = NULL) RETURNS TABLE AS RETURN
    SELECT SUM(DonGia * CHITIETCONGTHUC.SoLuong) - KhauHao AS GiaVon FROM PIZZA
        JOIN CONGTHUC ON PIZZA.MaPizza = CONGTHUC.MaPizza
        JOIN CHITIETCONGTHUC ON CONGTHUC.MaCongThuc = CHITIETCONGTHUC.MaCongThuc
        JOIN NGUYENLIEU ON CHITIETCONGTHUC.MaNL = NGUYENLIEU.MaNL
    WHERE PIZZA.MaPizza = @MaPizza AND (@MaCongThuc IS NULL OR CONGTHUC.MaCongThuc = @MaCongThuc)
	GROUP BY KhauHao;
GO
CREATE PROCEDURE PROC_PIZZA_GIAVONBINHQUAN(@MaPizza AS char(5)) AS BEGIN
    SELECT COALESCE((SELECT AVG(GiaVon) FROM FUNC_PIZZA_GIAVON(@MaPizza, DEFAULT)), 0);
END
GO
CREATE FUNCTION FUNC_PIZZA_GIAVONBINHQUAN(@MaPizza AS char(5)) RETURNS BIGINT AS BEGIN
    RETURN (SELECT COALESCE((SELECT AVG(GiaVon) FROM FUNC_PIZZA_GIAVON(@MaPizza, DEFAULT)), 0));
END
GO
CREATE PROCEDURE PROC_GIOHANG_PIZZA(@MaND AS char(5)) AS BEGIN
	SELECT * FROM GIOHANG
	  JOIN PIZZA ON GIOHANG.MaPizza = PIZZA.MaPizza
	WHERE MaND = @MaND;
END
GO
CREATE PROCEDURE PROC_GIOHANG_THANHTIEN(@MaND AS char(5)) AS BEGIN
	SELECT COALESCE(
    	(SELECT SUM(SoLuong * GiaBan) FROM GIOHANG
    	  JOIN PIZZA ON GIOHANG.MaPizza = PIZZA.MaPizza
    	WHERE MaND = @MaND),
    	0
	);
END
GO
CREATE PROCEDURE PROC_CONGTHUC_CHIPHI(@MaCongThuc AS char(5)) AS
    SELECT SUM(DonGia * CHITIETCONGTHUC.SoLuong) - KhauHao AS GiaVon FROM CONGTHUC
        JOIN CHITIETCONGTHUC ON CONGTHUC.MaCongThuc = CHITIETCONGTHUC.MaCongThuc
        JOIN NGUYENLIEU ON CHITIETCONGTHUC.MaNL = NGUYENLIEU.MaNL
    WHERE CONGTHUC.MaCongThuc = @MaCongThuc
	GROUP BY KhauHao;
GO
CREATE FUNCTION FUNC_HOADON_TRADU(@MaHoaDon AS char(9)) RETURNS bit AS BEGIN
  RETURN CASE WHEN (
    SELECT 1
    FROM HOADON
    WHERE MaHoaDon = @MaHoaDon AND
          KhachTra >= dbo.FUNC_HOADON_TONGTIEN(@MaHoaDon, DEFAULT)
  ) = 1 THEN 1 ELSE 0 END
END
GO
CREATE PROCEDURE PROC_THONGKE_PIZZA(@MinDate AS date, @MaxDate AS date) AS BEGIN
  SELECT PIZZA.MaPizza, TenPizza, TenLoai, dbo.FUNC_PIZZA_GIAVONBINHQUAN(PIZZA.MaPizza) AS GiaVonBinhQuan, GiaBan, COALESCE(SUM(SoLuong), 0) AS BanDuoc, COALESCE(SUM(GiaBan * SoLuong), 0) AS DoanhThu, COALESCE(SUM(GiaBan * SoLuong), 0) - COALESCE(SUM(dbo.FUNC_PIZZA_GIAVONBINHQUAN(PIZZA.MaPizza) * SoLuong), 0) AS LoiNhuan
  FROM PIZZA
    LEFT JOIN LOAIPIZZA ON PIZZA.MaLoai = LOAIPIZZA.MaLoai
    LEFT JOIN CHITIETHOADON ON PIZZA.MaPizza = CHITIETHOADON.MaPizza
    LEFT JOIN HOADON ON CHITIETHOADON.MaHoaDon = HOADON.MaHoaDon
  WHERE NgayDat BETWEEN @MinDate AND @MaxDate AND dbo.FUNC_HOADON_TRADU(HOADON.MaHoaDon) = 1
  GROUP BY PIZZA.MaPizza, TenPizza, TenLoai, GiaBan
  ORDER BY TenLoai, TenPizza
END
GO
CREATE PROCEDURE PROC_THONGKE_NGUYENLIEU(@MaxDate AS date) AS BEGIN
  SELECT MaNL, TenNL, SoLuong, DonViTinh, DonGia, SoLuong * DonGia AS TongTien
  FROM NGUYENLIEU
END
GO
CREATE PROCEDURE PROC_THONGKE_HOADON(@MinDate AS date, @MaxDate AS date) AS BEGIN
  SELECT HOADON.MaHoaDon, NHANVIEN.HoTen AS NhanVien, KHACHHANG.HoTen AS KhachHang, NgayDat, dbo.FUNC_HOADON_TONGTIEN(HOADON.MaHoaDon, DEFAULT) AS DoanhThu, COALESCE(SUM(GiaBan * SoLuong), 0) - COALESCE(SUM(dbo.FUNC_PIZZA_GIAVONBINHQUAN(PIZZA.MaPizza) * SoLuong), 0) AS LoiNhuan
  FROM HOADON
    JOIN CHITIETHOADON ON HOADON.MaHoaDon = CHITIETHOADON.MaHoaDon
    JOIN PIZZA ON CHITIETHOADON.MaPizza = PIZZA.MaPizza
    JOIN NGUOIDUNG AS KHACHHANG ON HOADON.MaKH = KHACHHANG.MaND
    JOIN NGUOIDUNG AS NHANVIEN ON HOADON.MaKH = NHANVIEN.MaND
  WHERE NgayDat BETWEEN @MinDate AND @MaxDate AND dbo.FUNC_HOADON_TRADU(HOADON.MaHoaDon) = 1
  GROUP BY HOADON.MaHoaDon, NHANVIEN.HoTen, KHACHHANG.HoTen, NgayDat
  ORDER BY NgayDat
END

-- Dữ liệu
GO
INSERT INTO BAN VALUES
    ('M000', N'Mang về'),
    ('A001', N'A0-01'),
    ('A002', N'A0-02'),
    ('A101', N'A1-01'),
    ('A102', N'A1-02'),
    ('B001', N'B0-01'),
    ('B002', N'B0-02'),
    ('B101', N'B1-01'),
    ('B102', N'B1-02'),
    ('C001', N'C0-01'),
    ('C002', N'C0-02'),
    ('C101', N'C1-01'),
    ('C102', N'C1-02'),
    ('D001', N'D0-01'),
    ('D002', N'D0-02'),
    ('D101', N'D1-01'),
    ('D102', N'D1-02');

INSERT INTO QUYENHAN VALUES
    ('QH000',   N'Quản trị viên'),
    ('QH001',   N'Kế toán'),
    ('QH002',   N'Đầu bếp'),
    ('QH003',   N'Kho'),
    ('QH004',   N'Quản lý nhân viên'),
    ('QH005',   N'Khách');

INSERT INTO CHITIETQUYENHAN VALUES
    ('QH000',   'CheBien',      1,  1),
    ('QH000',   'CongThuc',     1,  1),
    ('QH000',   'CongViec',     1,  1),
    ('QH000',   'HoaDon',       1,  1),
    ('QH000',   'KhachHang',    1,  1),
    ('QH000',   'NguyenLieu',   1,  1),
    ('QH000',   'NhanVien',     1,  1),
    ('QH000',   'Nhap',         1,  1),
    ('QH000',   'Pizza',        1,  1),
    ('QH000',   'Quyen',        1,  1),
    ('QH000',   'ThongKe',      1,  1),
    ('QH000',   'TraCuu',       1,  1),
    ('QH001',   'CheBien',      0,  0),
    ('QH001',   'CongThuc',     0,  0),
    ('QH001',   'CongViec',     0,  0),
    ('QH001',   'HoaDon',       1,  1),
    ('QH001',   'KhachHang',    1,  1),
    ('QH001',   'NguyenLieu',   0,  0),
    ('QH001',   'NhanVien',     1,  0),
    ('QH001',   'Nhap',         0,  0),
    ('QH001',   'Pizza',        0,  0),
    ('QH001',   'Quyen',        0,  0),
    ('QH001',   'ThongKe',      1,  1),
    ('QH001',   'TraCuu',       1,  1),
    ('QH002',   'CheBien',      1,  1),
    ('QH002',   'CongThuc',     1,  1),
    ('QH002',   'CongViec',     0,  0),
    ('QH002',   'HoaDon',       0,  0),
    ('QH002',   'KhachHang',    0,  0),
    ('QH002',   'NguyenLieu',   0,  0),
    ('QH002',   'NhanVien',     0,  0),
    ('QH002',   'Nhap',         0,  0),
    ('QH002',   'Pizza',        1,  1),
    ('QH002',   'Quyen',        0,  0),
    ('QH002',   'ThongKe',      1,  1),
    ('QH002',   'TraCuu',       1,  1),
    ('QH003',   'CheBien',      0,  0),
    ('QH003',   'CongThuc',     0,  0),
    ('QH003',   'CongViec',     0,  0),
    ('QH003',   'HoaDon',       0,  0),
    ('QH003',   'KhachHang',    1,  0),
    ('QH003',   'NguyenLieu',   0,  0),
    ('QH003',   'NhanVien',     1,  0),
    ('QH003',   'Nhap',         1,  0),
    ('QH003',   'Pizza',        0,  0),
    ('QH003',   'Quyen',        0,  0),
    ('QH003',   'ThongKe',      1,  1),
    ('QH003',   'TraCuu',       1,  1),
    ('QH004',   'CheBien',      0,  0),
    ('QH004',   'CongThuc',     0,  0),
    ('QH004',   'CongViec',     1,  0),
    ('QH004',   'HoaDon',       1,  0),
    ('QH004',   'KhachHang',    1,  0),
    ('QH004',   'NguyenLieu',   0,  0),
    ('QH004',   'NhanVien',     1,  1),
    ('QH004',   'Nhap',         1,  0),
    ('QH004',   'Pizza',        0,  0),
    ('QH004',   'Quyen',        0,  0),
    ('QH004',   'ThongKe',      1,  1),
    ('QH004',   'TraCuu',       1,  1),
    ('QH005',   'CheBien',      0,  0),
    ('QH005',   'CongThuc',     0,  0),
    ('QH005',   'CongViec',     0,  0),
    ('QH005',   'HoaDon',       0,  0),
    ('QH005',   'KhachHang',    0,  0),
    ('QH005',   'NguyenLieu',   0,  0),
    ('QH005',   'NhanVien',     0,  0),
    ('QH005',   'Nhap',         0,  0),
    ('QH005',   'Pizza',        0,  0),
    ('QH005',   'Quyen',        0,  0),
    ('QH005',   'ThongKe',      0,  0),
    ('QH005',   'TraCuu',       1,  1);

INSERT INTO CONGVIEC VALUES
    ('KH00V',   N'Khách hàng',          N'Đặt mua pizza.',                                  0),
    ('GD00V',   N'Giám đốc',            N'Quản lý tình hình tổng thể của cửa hàng.',        30000000),
    ('TK00V',   N'Thư ký',              N'Hỗ trợ các công việc của giám đốc.',              11000000),
    ('KT00V',   N'Kế toán',             N'Tổng kết thu chi của cửa hàng.',                  9000000),
    ('QL00V',   N'Quản lý cửa hàng',    N'Giao nhiệm vụ cho các nhân viên trong cửa hàng.', 18000000),
    ('BV00V',   N'Bảo vệ',              N'Giữ an ninh trong cửa hàng.',                     5000000),
    ('VS00V',   N'Vệ sinh',             N'Lau dọn bàn ghế, nhà vệ sinh.',                   6000000),
    ('DB00V',   N'Bếp trưởng',          N'Chế biến món pizza và điều hành các bếp phó.',    8000000),
    ('DB01V',   N'Bếp phó',             N'Hỗ trợ bếp trưởng chế biến món pizza.',           7000000),
    ('PV00V',   N'Phục vụ',             N'Nhận yêu cầu của khách hàng.',                    6500000),
    ('TN00V',   N'Thu ngân',            N'Thu tiền khách hàng.',                            6500000),
    ('QK00V',   N'Quản lý kho',         N'Nhập xuất nguyên liệu chế biến.',                 5000000);

INSERT INTO LOAIPIZZA VALUES
    ('LP000',   N'Pizza hải sản'),
    ('LP001',   N'Pizza xúc xích'),
    ('LP002',   N'Pizza chay'),
    ('LP003',   N'Pizza bò'),
    ('LP004',   N'Pizza gà'),
    ('LP005',   N'Pizza khổ qua'),
    ('LP006',   N'Pizza thập cẩm'),
    ('LP007',   N'Pizza trân châu'),
    ('LP008',   N'Pizza phô mai'),
    ('LP009',   N'Pizza trứng muối');

INSERT INTO NGUYENLIEU VALUES
    ('NL000',   N'Bột mì',              22,     N'kg',      20000),
    ('NL001',   N'Bột nở',              15,     N'kg',      17000),
    ('NL002',   N'Dầu olive',           200,    N'l',       300000),
    ('NL003',   N'Muối',                0.5,    N'kg',      5000),
    ('NL004',   N'Xốt cà',              0.63,   N'kg',      55000),
    ('NL005',   N'Xốt ớt',              0.65,   N'kg',      55000),
    ('NL006',   N'Cá ngừ',              300,    N'con',     89000),
    ('NL007',   N'Xúc xích',            200,    N'cây',     8000),
    ('NL008',   N'Tôm',                 1.7,    N'kg',      200000),
    ('NL009',   N'Cà rốt',              20,     N'củ',      12000),
    ('NL010',   N'Trứng gà',            120,    N'trái',    2200),
    ('NL011',   N'Trứng vịt',           120,    N'trái',    2500),
    ('NL012',   N'Trứng ngỗng',         30,     N'trái',    3000),
    ('NL013',   N'Trứng đà điểu',       30,     N'trái',    400000),
    ('NL014',   N'Rau cải',             5,      N'kg',      25000),
    ('NL015',   N'Thịt gà tre',         20,     N'kg',      250000),
    ('NL016',   N'Thịt gà đen',         18,     N'kg',      320000),
    ('NL017',   N'Thịt gà đông cảo',    16,     N'kg',      300000),
    ('NL018',   N'Thịt gà ta',          21,     N'kg',      120000),
    ('NL019',   N'Thịt gà tây',         25,     N'kg',      1200000),
    ('NL020',   N'Thịt mực ống',        56,     N'con',     114000),
    ('NL021',   N'Thịt cua',            107,    N'kg',      200000),
    ('NL022',   N'Mề',                  5,      N'kg',      50000),
    ('NL023',   N'Khổ qua',             50,     N'trái',    21000),
    ('NL024',   N'Thịt băm',            2,      N'kg',      60000),
    ('NL025',   N'Súp lơ',              60,     N'bông',    40000),
    ('NL026',   N'Củ cải',              50,     N'củ',      15000),
    ('NL027',   N'Phô mai Con Bò Cười', 100,    N'cái',     45000),
    ('NL028',   N'Phô mai mozzarella',  120,    N'cái',     92000),
    ('NL029',   N'Phô mai xanh',        86,     N'cái',     180000),
    ('NL030',   N'Phô mai miếng',       60,     N'cái',     10000),
    ('NL031',   N'Hành phi',            6,      N'kg',      80000),
    ('NL032',   N'Hành tây',            7.3,    N'kg',      55000);

INSERT INTO PIZZA VALUES
('0H75P', N'Pizza phô mai xanh', 'pizzaphomaixanh.png', 169000, 'LP008', 0),
('1364P', N'Pizza mực', 'pizzamuc.png', 350000, 'LP000', 0),
('1N8RP', N'Pizza phô mai miếng', 'pizzaphomaimieng.png', 79000, 'LP008', 0),
('269GP', N'Pizza phô mai kéo sợi', 'pizzaphomaikeosoi.png', 249000, 'LP008', 0),
('76HXP', N'Pizza bò sữa', 'pizzabosua.png', 450000, 'LP003', 0),
('81VYP', N'Pizza xúc xích, bò, nấm', 'pizzaxucxichbonam.png', 460000, 'LP006', 0),
('8JOIP', N'Pizza cua', 'pizzacua.png', 400000, 'LP000', 0),
('9N3ZP', N'Pizza thịt và xúc xích', 'pizzathitvaxucxich.png', 219000, 'LP001', 0),
('AK78P', N'Pizza bò Kobe', 'pizzabokobe.png', 799000, 'LP003', 0),
('AXNUP', N'Pizza con', 'pizzacon.png', 270000, 'LP000', 0),
('B0PWP', N'Pizza gà ta', 'pizzagata.png', 399000, 'LP004', 0),
('DD6TP', N'Pizza gà đen', 'pizzagaden.png', 530000, 'LP004', 0),
('E2CEP', N'Pizza xúc xích truyền thống', 'pizzaxucxichtruyenthong.png', 180000, 'LP001', 0),
('ECEMP', N'Pizza bò dát vàng', 'pizzabodatvang.png', 699000, 'LP003', 0),
('F2ZLP', N'Pizza khổ qua nhồi thịt', 'pizzakhoquanhoithit.png', 129000, 'LP005', 0),
('FNU1P', N'Pizza pepperoni', 'pizzapepperoni.png', 179000, 'LP001', 0),
('H431P', N'Pizza trân châu trắng', 'pizzatranchautrang.png', 169000, 'LP007', 0),
('H73EP', N'Pizza tôm, cá ngừ, hành', 'pizzatomcanguhanh.png', 399000, 'LP006', 0),
('HAIDP', N'Pizza bò dát vàng, mực, hành tây', 'pizzabomuchanhtay.png', 799000, 'LP006', 0),
('KPLFP', N'Pizza bò bít tết', 'pizzabobittet.png', 159000, 'LP003', 0),
('L1NIP', N'Pizza khổ qua chiên', 'pizzakhoquachien.png', 70000, 'LP005', 0),
('LD5BP', N'Pizza rau cải', 'pizzaraucai.png', 80000, 'LP002', 0),
('M21HP', N'Pizza súp lơ', 'pizzasuplo.png', 100000, 'LP002', 0),
('M79AP', N'Pizza trứng vịt muối', 'pizzatrungvitmuoi.png', 319000, 'LP009', 0),
('O29KP', N'Pizza mề', 'pizzame.png', 80000, 'LP000', 0),
('OSZ1P', N'Pizza cà rốt', 'pizzacarot.png', 99000, 'LP002', 0),
('PFJNP', N'Pizza gà tre', 'pizzagatre.png', 439000, 'LP004', 0),
('PUE9P', N'Pizza gà tây', 'pizzagatay.png', 600000, 'LP004', 0),
('RZYXP', N'Pizza hành tây', 'pizzahanhtay.png', 149000, 'LP002', 0),
('SJ4AP', N'Pizza trứng ngỗng muối', 'pizzatrungngongmuoi.png', 155000, 'LP009', 0),
('U0ZBP', N'Pizza phô mai con bò cười', 'pizzaphomaiconbocuoi.png', 299000, 'LP008', 0),
('UAZIP', N'Pizza củ cải trắng', 'pizzacucaitrang.png', 80000, 'LP002', 0),
('UDDCP', N'Pizza trân châu đường đen', 'pizzatranchauduongden.png', 69000, 'LP007', 0),
('VA1NP', N'Pizza khổ qua hầm', 'pizzakhoquaham.png', 349000, 'LP005', 0),
('WV36P', N'Pizza trứng đà điểu muối', 'pizzatrungdadieumuoi.png', 239000, 'LP009', 0),
('Y3XDP', N'Pizza tôm', 'pizzatom.png', 255000, 'LP000', 0),
('Y6YTP', N'Pizza gà đông cảo', 'pizzagadongcao.png', 199000, 'LP004', 0),
('ZCM5P', N'Pizza khổ qua nướng', 'pizzakhoquanuong.png', 74000, 'LP005', 0),
('ZDS3P', N'Pizza trứng gà muối', 'pizzatrunggamuoi.png', 459000, 'LP009', 0);

INSERT INTO CONGTHUC VALUES
    ('CT000',  N'Nguyễn Nhật Duy', 'F2ZLP',    8000),
    ('CT001',  N'Hà Phương Minh',  'H431P',    15000),
    ('CT002',  N'Lê Hồng Đào',     '269GP',    8000),
    ('CT003',  N'Lâm Thị Duy',     'M79AP',    6000),
    ('CT004',  N'Lê Hồng Đào',     'F2ZLP',    4000),
    ('CT005',  N'Nguyễn Nhật Duy', '269GP',    15000),
    ('CT006',  N'Nguyễn Nhật Duy', 'F2ZLP',    18000),
    ('CT007',  N'Nguyễn Nhật Duy', 'HAIDP',    6000),
    ('CT008',  N'Lê Hồng Đào',     'PFJNP',    19000),
    ('CT009',  N'Lê Hồng Đào',     'SJ4AP',    5000),
    ('CT010',  N'Nguyễn Nhật Duy', '1364P',    3000),
    ('CT011',  N'Lâm Thị Duy',     'F2ZLP',    1000),
    ('CT012',  N'Lâm Thị Duy',     'B0PWP',    5000),
    ('CT013',  N'Thái Hưng',       'RZYXP',    13000),
    ('CT014',  N'Lê Hồng Đào',     '0H75P',    16000),
    ('CT015',  N'Thái Hưng',       'VA1NP',    3000),
    ('CT016',  N'Nguyễn Nhật Duy', 'HAIDP',    2000),
    ('CT017',  N'Thái Hưng',       '76HXP',    5000),
    ('CT018',  N'Lê Hồng Đào',     '1N8RP',    11000),
    ('CT019',  N'Lê Thị Hồng Đào', 'Y3XDP',    20000),
    ('CT020',  N'Lâm Thị Duy',     'Y3XDP',    14000),
    ('CT021',  N'Lê Hồng Đào',     '0H75P',    3000),
    ('CT022',  N'Lê Thị Hồng Đào', 'E2CEP',    12000),
    ('CT023',  N'Lâm Thị Duy',     'PFJNP',    17000),
    ('CT024',  N'Lê Hồng Đào',     '8JOIP',    12000),
    ('CT025',  N'Lê Hồng Đào',     'VA1NP',    3000),
    ('CT026',  N'Thái Hưng',       'ZDS3P',    13000),
    ('CT027',  N'Thái Hưng',       '269GP',    15000),
    ('CT028',  N'Lê Thị Hồng Đào', 'ECEMP',    20000),
    ('CT029',  N'Minh Liễu',       '76HXP',    17000),
    ('CT030',  N'Minh Liễu',       'M79AP',    4000),
    ('CT031',  N'Thái Hà',         'FNU1P',    12000),
    ('CT032',  N'Minh Liễu',       'F2ZLP',    5000),
    ('CT033',  N'Lê Thị Hồng Đào', '76HXP',    11000),
    ('CT034',  N'Lê Thị Hồng Đào', 'M21HP',    2000),
    ('CT035',  N'Lê Thị Hồng Đào', 'H431P',    19000),
    ('CT036',  N'Thái Hà',         'U0ZBP',    6000),
    ('CT037',  N'Lê Thị Hồng Đào', 'SJ4AP',    16000),
    ('CT038',  N'Lê Thị Hồng Đào', 'H431P',    5000),
    ('CT039',  N'Lâm Phát Duy',    '81VYP',    10000),
    ('CT040',  N'Lâm Tường Vy',    '9N3ZP',    500),
    ('CT092',  N'Lê Hồng Đào',     'KPLFP',    200),
    ('CT156',  N'Nguyễn Hoàng Kha','AXNUP',    1500),
    ('CT275',  N'Lê Hồng Đào',     'UAZIP',    100),
    ('CT453',  N'Lê Hồng Đào',     'PUE9P',    100),
    ('CT463',  N'Lê Hồng Đào',     'OSZ1P',    100),
    ('CT471',  N'Lâm Tường Vy',    'H73EP',    100),
    ('CT491',  N'Lâm Tường Vy',    'DD6TP',    100),
    ('CT505',  N'Lê Hồng Đào',     'UDDCP',    100),
    ('CT533',  N'Minh Liễu',       '0H75P',    0),
    ('CT778',  N'Lê Hồng Đào',     'Y6YTP',    100),
    ('CT785',  N'Lê Hồng Đào',     'ZCM5P',    100),
    ('CT870',  N'Lê Hồng Đào',     'O29KP',    200),
    ('CT876',  N'Lê Hồng Đào',     'WV36P',    100),
    ('CT915',  N'Lâm Tường Vy',    'AK78P',    0),
    ('CT934',  N'Lê Hồng Đào',     'L1NIP',    100),
    ('CT935',  N'Lê Hồng Đào',     'LD5BP',    200);

INSERT INTO CHITIETCONGTHUC VALUES
('CT000','NL000',0.331,5),
('CT000','NL004',0.2,0.5),
('CT000','NL019',0.02,4),
('CT000','NL028',0.5,4.2),
('CT001','NL000',0.215,5),
('CT001','NL006',0.5,6.1),
('CT001','NL008',0.05,5.5),
('CT001','NL012',7,4.3),
('CT001','NL027',1.37,4.5),
('CT002','NL000',0.292,5.5),
('CT002','NL004',0.2,1.6),
('CT002','NL006',0.5,6.4),
('CT003','NL000',0.225,5.2),
('CT003','NL015',0.5,4.7),
('CT003','NL021',0.07,4.2),
('CT003','NL023',1.62,4.6),
('CT004','NL000',0.212,5.2),
('CT004','NL011',1.7,4),
('CT004','NL019',0.1,4.1),
('CT004','NL028',0.61,4.1),
('CT005','NL000',0.216,5.3),
('CT005','NL003',0.05,0.5),
('CT005','NL019',0.23,4.2),
('CT005','NL020',0.03,4.1),
('CT005','NL022',1,4.2),
('CT006','NL000',0.281,5.3),
('CT006','NL001',0.03,4.2),
('CT006','NL003',0.06,0.4),
('CT006','NL005',0.1,0.6),
('CT006','NL010',1,4.5),
('CT006','NL018',1.5,4.4),
('CT007','NL000',0.219,5.6),
('CT007','NL002',0.02,5.2),
('CT007','NL004',0.18,0.1),
('CT007','NL022',1.32,4.2),
('CT007','NL027',1.22,4.2),
('CT008','NL000',0.219,5.3),
('CT008','NL001',0.04,4.5),
('CT008','NL002',0.01,5.7),
('CT008','NL014',1.88,4.2),
('CT008','NL020',1,4.5),
('CT008','NL028',1.17,4.6),
('CT009','NL000',0.5,5.6),
('CT009','NL003',0.1,0.1),
('CT009','NL005',0.19,0.2),
('CT009','NL012',3,0.1),
('CT010','NL000',0.256,5.3),
('CT010','NL003',0.02,0.1),
('CT010','NL014',0.59,4.2),
('CT010','NL018',1.41,4.2),
('CT011','NL000',0.243,5.6),
('CT011','NL008',0.04,4.3),
('CT011','NL011',1.82,4.4),
('CT011','NL012',0.23,4.2),
('CT011','NL013',0.01,4.2),
('CT012','NL000',0.279,5),
('CT012','NL021',0.91,4),
('CT012','NL031',2.4,4),
('CT013','NL000',0.235,5.1),
('CT013','NL001',0.01,4.8),
('CT013','NL005',0.21,0.8),
('CT013','NL015',0.53,4.7),
('CT014','NL000',0.233,5.5),
('CT014','NL013',0.5,4.2),
('CT014','NL029',0.1,0.1),
('CT015','NL000',0.276,5.4),
('CT015','NL006',0.5,6.5),
('CT015','NL012',8,4.2),
('CT016','NL000',0.299,5.1),
('CT016','NL007',2,0.5),
('CT016','NL021',1,4.9),
('CT017','NL000',0.299,5.4),
('CT017','NL014',1,4.2),
('CT017','NL015',0.19,4.4),
('CT017','NL016',0.95,4.6),
('CT018','NL000',0.219,5.5),
('CT018','NL001',0.03,4.4),
('CT018','NL007',1,0.4),
('CT018','NL024',0.2,4.3),
('CT018','NL030',0.1,0.1),
('CT018','NL031',0.5,4.9),
('CT019','NL000',0.213,5.3),
('CT019','NL023',0.94,4.5),
('CT019','NL025',7,4.7),
('CT020','NL000',0.29,5.6),
('CT020','NL007',2,0.2),
('CT020','NL009',8.93,4.6),
('CT020','NL012',24.74,4.5),
('CT021','NL000',0.284,5.6),
('CT021','NL005',0.14,0.5),
('CT021','NL014',0.43,4.2),
('CT021','NL017',0.59,4.2),
('CT021','NL029',0.2,0.1),
('CT022','NL000',0.271,5.6),
('CT022','NL004',0.16,0.2),
('CT022','NL005',0.16,0.9),
('CT022','NL017',0.17,4.4),
('CT023','NL000',0.246,5.1),
('CT023','NL017',1.71,4.5),
('CT023','NL030',1.76,4),
('CT024','NL000',0.264,5.4),
('CT024','NL020',0.11,4.1),
('CT024','NL023',0.42,4.6),
('CT024','NL031',4.48,4),
('CT025','NL000',0.242,5.2),
('CT025','NL003',0.03,0.4),
('CT025','NL018',0.53,4),
('CT025','NL024',0.7,4.1),
('CT025','NL029',0.66,4.2),
('CT026','NL000',0.262,5.1),
('CT026','NL028',3.84,4.5),
('CT026','NL029',0.58,4.4),
('CT026','NL030',0.01,4.6),
('CT027','NL000',0.237,5.5),
('CT027','NL001',0.03,4.4),
('CT027','NL003',0.04,0.5),
('CT027','NL021',0.31,4.1),
('CT028','NL000',0.212,5.9),
('CT028','NL017',0.04,4.5),
('CT028','NL022',1,4.5),
('CT029','NL000',0.287,5.9),
('CT029','NL003',0.06,0.2),
('CT029','NL011',1.54,4.1),
('CT029','NL030',0.5,4.4),
('CT029','NL032',1.43,4.3),
('CT030','NL000',0.274,5.6),
('CT030','NL015',0.48,4.6),
('CT030','NL022',5.44,4.2),
('CT030','NL023',1.31,4.5),
('CT031','NL000',0.256,5.1),
('CT031','NL020',0.53,4.4),
('CT031','NL030',4,4.5),
('CT031','NL032',0.44,4),
('CT032','NL000',0.25,5),
('CT032','NL006',0.5,6.2),
('CT032','NL015',0.04,4.4),
('CT032','NL022',0.41,4),
('CT033','NL000',0.252,5.4),
('CT033','NL006',0.5,6.1),
('CT033','NL020',0.48,4),
('CT034','NL000',0.234,5.6),
('CT034','NL009',0.5,4.2),
('CT034','NL029',0.14,4.4),
('CT034','NL031',0.53,4.7),
('CT034','NL032',0.19,4.9),
('CT035','NL000',0.211,5.9),
('CT035','NL015',0.57,4.8),
('CT035','NL020',1,4),
('CT035','NL026',0.51,4.1),
('CT036','NL000',0.243,5.4),
('CT036','NL010',2.8,4.2),
('CT036','NL024',1.43,4.4),
('CT036','NL032',3.47,4.5),
('CT037','NL000',0.273,5.8),
('CT037','NL013',0.25,4.8),
('CT037','NL031',0.5,4.9),
('CT038','NL000',0.275,5.6),
('CT038','NL005',0.18,0.6),
('CT038','NL010',0.32,4.7),
('CT038','NL014',0.5,4.5),
('CT038','NL021',0.36,4.2),
('CT039','NL000',0.3,0.1),
('CT039','NL002',0.21,0.1),
('CT039','NL003',0.2,0.1),
('CT039','NL007',0.51,0.1),
('CT039','NL031',0.5,0.1),
('CT040','NL000',0.25,0.1),
('CT040','NL004',0.05,0.1),
('CT040','NL005',0.06,0.1),
('CT040','NL007',2,0.1),
('CT040','NL008',0.4,0.1),
('CT040','NL009',0.04,0.1),
('CT092','NL000',0.2,0.1),
('CT092','NL001',0.3,0.1),
('CT092','NL004',0.5,0.1),
('CT092','NL009',0.4,0.1),
('CT092','NL012',1,0.1),
('CT092','NL014',0.3,0.1),
('CT156','NL000',0.2,0.1),
('CT156','NL001',0.01,0.1),
('CT156','NL008',0.3,0.1),
('CT156','NL013',0.5,0.1),
('CT275','NL000',0.3,0.1),
('CT275','NL001',0.1,0.1),
('CT275','NL006',0.5,0.1),
('CT275','NL026',0.6,0.1),
('CT453','NL000',0.04,0.1),
('CT453','NL002',0.05,0.1),
('CT453','NL019',0.05,0.1),
('CT463','NL000',0.3,0.1),
('CT463','NL001',0.15,0.1),
('CT463','NL009',0.7,0.1),
('CT463','NL016',0.1,0.1),
('CT463','NL021',0.2,0.1),
('CT471','NL000',0.1,0.1),
('CT471','NL006',0.05,0.1),
('CT471','NL008',0.2,0.1),
('CT471','NL032',0.05,0.1),
('CT491','NL000',0.2,0.1),
('CT491','NL001',0.05,0.1),
('CT491','NL016',0.2,0.1),
('CT505','NL000',0.51,0.1),
('CT505','NL001',0.05,0.1),
('CT505','NL014',0.5,0.1),
('CT533','NL000',0.11,0.1),
('CT533','NL001',0.05,0.1),
('CT533','NL029',0.1,0.1),
('CT778','NL000',0.21,0.1),
('CT778','NL002',0.01,0.1),
('CT778','NL017',0.11,0.1),
('CT785','NL000',0.21,0.1),
('CT785','NL001',0.11,0.1),
('CT785','NL023',0.05,0.1),
('CT870','NL000',0.3,0.1),
('CT870','NL022',0.1,0.1),
('CT876','NL000',0.3,0.1),
('CT876','NL001',0.01,0.1),
('CT876','NL003',0.1,0.1),
('CT876','NL013',0.5,0.1),
('CT915','NL000',0.25,0.1),
('CT915','NL001',0.1,0.1),
('CT915','NL008',0.05,0.1),
('CT934','NL000',0.2,0.1),
('CT934','NL001',0.4,0.1),
('CT934','NL004',0.1,0.1),
('CT934','NL023',0.2,0.1),
('CT935','NL000',0.2,0.1),
('CT935','NL002',0.1,0.1),
('CT935','NL014',0.3,0.1);

INSERT INTO NHACUNGCAP VALUES
    ('NC000',   N'Công ty TNHH Bảo Châu',                           N'156 đường Lê Lợi, quận 1, Tp. Thủ Đức',                       '097460510'),
    ('NC001',   N'Công ty TNHH một thành viên Nước sốt Long Giang', N'520 đường Bà Hom, phường 13, quận 6, Tp. HCM',                '064851570'),
    ('NC002',   N'Tập đoàn Willy Foods',                            N'42 đường Lê Duẩn, quận Hoàn Kiếm, Tp. Hà Nội',                '098024448'),
    ('NC003',   N'Công ty Cổ phần rau củ quả Blister',              N'135 đường Âu Cơ, phường 10, quận Tân Bình, Tp. HCM',          '094059478'),
    ('NC004',   N'Công ty thực phẩm Hoàng Đông',                    N'1592 đường Hàn Mặc Tử, quận Tân Phú, Tp. HCM',                '0943630339'),
    ('NC005',   N'Tập đoàn Cổ phần hải sản Tuấn Anh',               N'64 đường 3 tháng 2, phường 8, quận 11, Tp. HCM',              '093580085'),
    ('NC006',   N'Nhà phân phối thực phẩm đông lạnh Tuyến',         N'721/16/36 đường Lạc Long Quân, quận Bình Thuỷ, Tp. Cần Thơ',  '0284029620'),
    ('NC007',   N'Trang trại bò sữa Nha Trang',                     N'892 đường Nguyễn Tri Phương, quận 10, Tp. HCM',               '0935028902'),
    ('NC008',   N'Nhà máy sản xuất bột 235',                        N'165 đường Thái Phiên, quận 11, Tp. HCM',                      '097442786'),
    ('NC009',   N'Tiệm bánh phô mai Gourmet Cheese',                N'15 đường 3 tháng 2, phường 8, quận 11, Tp. HCM',              '09425847036');

INSERT INTO NGUOIDUNG VALUES
    ('4O6TK',   N'Trần Công Nghiệp',        N'Nam', 'admin',                '4e09c90604765f80e09b65f615ab4a34191d94f825bcc10be28fe534f677918a', 'webby4664@gmail.com',              '1972-12-15',   '04843649617',  0,    'GD00V',    'QH000'), -- pass: abc123
    ('GY2KK',   N'Văn Mạnh Cường',          N'Nam', 'manhcuong128',         'fa21767d6f1e844ebefbf36d97e3f0eab70a6cba32d64c2ddd4ae2373bff720f', 'manhcuong128@gmail.com',           '1992-05-30',   '039516279',    0,    'TK00V',    'QH000'), -- pass: iphone6plus
    ('4XZOK',   N'Trần Quốc Toản',          N'Nam', 'tranquoctoan936',      '87c7fd41a2e4f68b146f838a8229e291f29890293def9c7b07211f42ade918f3', 'camlo50@gmail.com',                '1997-11-15',   '0936887635',   0,    'KT00V',    'QH001'), -- pass: lmht1234
    ('1H7FK',   N'Ngô Thị Yến Vy',          N'Nữ',  'vyen1',                '93ebecd1739b75e2f86583413f21b0d8b4c53fe89773f334e519e6a719a57177', 'vyen1@gmail.com',                  '1998-11-20',   '088266551',    0,    'KT00V',    'QH001'), -- pass: password123
    ('A4S2K',   N'Đặng Hà Nam',             N'Nữ',  'hanam52',              '0869ee0d2e2ab820c63b26f40944a7504255536c94e1ee2e0ffc7cb65f23f6b4', 'hanam52@gmail.com',                '2000-01-02',   '02790210802',  0,    'QL00V',    'QH004'), -- pass: choconxinhxan111
    ('TS3HK',   N'Trần Độc Thân',           N'Nam', 'danthan123',           '8109eec001c6caf4ca19eece93474cda37563d86e87c1a7b6f9d8e16f819f953', 'docthan51@gmail.com',              '1982-10-09',   '079309692',    0,    'BV00V',    'QH005'), -- pass: a4V7sKLa
    ('8F5JK',   N'Khải Hoàng Bảo Vy',       N'Nữ',  'baov1',                'e1e1756e34bcc5138e076c9ff7120189fa1aab56f0669fb1edd69a31de49a319', 'baovy26@gmail.com',                '1998-08-18',   '085819638',    0,    'VS00V',    'QH005'), -- pass: vietnamvodich
    ('AWQGK',   N'Ngỏ Ái Nỉ',               N'Nữ',  'ngoainii',             'd069a0149eb7d30625804e4bcbfb9f90a99f9ef283a2cc832a2e23ab240a1d72', 'ngoaini@gmail.com',                '1990-10-20',   '0751014790',   0,    'VS00V',    'QH005'), -- pass: ngo4ai3ni4
    ('7ABEK',   N'Hà Khắc Công Tâm',        N'Nam', 'congtamhakhac6996',    '2a09f386b66886d0756f29c0205b777b3161bd8afe9809d9ee346f033b866766', 'congtamhakhac555@gmail.com',       '1996-05-04',   '09950395472',  0,    'DB00V',    'QH002'), -- pass: 3siruoi
    ('48GAK',   N'Su Gơ Đét Đi',            N'Nam', 'sugar26526',           '154f4d290c88bc55dfd7efca26630564775d044524a635d9b5f4a6e47f64db1e', 'sugar26526@gmail.com',             '1997-01-20',   '0854161812',   0,    'DB01V',    'QH002'), -- pass: Aye123
    ('TVDLK',   N'Trường Chinh',            N'Nam', 'truongchinh2468',      'c7f9e52761f0a14908f62aacaace38ed9d74608e441a0b550541a185fc46b6eb', 'truongchinh2468@gmail.com',        '1997-09-18',   '05999821314',  0,    'DB01V',    'QH002'), -- pass: 9truong
    ('80EQK',   N'Gia Lai',                 N'Nam', 'gialai',               'ce594150463ef8894c9df9b868cf7baa41268b34c4f2d5faf2a0cc84f0a47699', 'gala@gmail.com',                   '2000-10-12',   '085498299',    0,    'PV00V',    'QH004'), -- pass: giarai
    ('20W8K',   N'Gấu Con Khả Ái',          N'Nữ',  'gauconkhaai',          'e65bf78b2bf4e812dd6874191ebc9f52fa088de30a1c3de55f1100be5d84cbcc', 'gauconkhaai@gmail.com',            '2000-02-20',   '010913030',    0,    'TN00V',    'QH001'), -- pass: KAAI51
    ('R3T7K',   N'Tâm Lương Phúc Hạnh',     N'Nữ',  'phuchanh312',          '9c2318a127b21093fb92c015be56c632622460f94bcb02d22a91e4e969e8dcf4', 'phucanh@gmail.com',                '1999-10-04',   '002206899',    0,    'TN00V',    'QH001'), -- pass: hanhanhan
    ('DNQRK',   N'Tâm Phục Khẩu Phục',      N'Nữ',  'tamphuckhauphuc0125',  '918f8da4d498d1a9d6496baf5d29a30b54977bce05580d89caf6abc87cb27782', 'tamphuckhauphuc0125@gmail.com',    '2000-12-05',   '093750845',    0,    'TN00V',    'QH001'), -- pass: 0125tpkp
    ('GILDK',   N'Thế Thái Hoàng Anh',      N'Nam', 'hoanganh2k',           'b31f61e0b21449c6ca485abfb0279b57f6433dec55d26c1fa82477d18f51dfb6', 'thethaihoanganh2000@gmail.com',    '2000-02-20',   '049104201',    0,    'TN00V',    'QH001'), -- pass: ggw6njsd5
    ('US7OK',   N'Khai Dân Trí',            N'Nam', 'khaidantri',           '833c8c4a8930d6c03e29eaf81db7ebec2bdffd1492822b936d41e41f47f102ea', 'khaidantri@gmail.com',             '1993-03-30',   '0988063781',   0,    'QK00V',    'QH003'), -- pass: password
    ('ITE5K',   N'William Smith',           N'Nam', 'wsmith512',            '3007a4d9765d5251dc7b710f9522ceaab99f3b14110426597340d2e8149ec28f', 'williamsmith@gmail.com',           '1995-01-05',   '0899195350',   0,    'QK00V',    'QH003'), -- pass: smithwilliam12
    ('ZHFHK',   N'Phan Châu Trinh',         N'Nam', 'trinhphan500',         'b1b17331c63b6f5a6d903163ff21cefad21a7decd1f6a0d810e15bc1055884d0', 'trinhpahn@gmail.com',              '1982-11-12',   '066473372',    0,    'QK00V',    'QH003'), -- pass: vcs_Mua_xuan
    ('IKPOK',   N'Hà Công Tấn',             N'Nam', 'kh00',                 '09902185e0fc628464093957833770887cbb7208e002c8c47f8f9a0e8dda753d', 'hacongtan218@gmail.com',           '1993-07-21',   '095546192',    0,    'KH00V',    'QH005'), -- pass: password
    ('J2YWK',   N'Trần Thị Ngọc Tuyết',     N'Nữ',  'kh01',                 'c99811577d72ce7408c3bf4bf88985b8d33b844ab5c3226882dff144379926ea', 'ngoctuyet12@gmail.com',            '1971-01-23',   '092577261',    0,    'KH00V',    'QH005'), -- pass: password
    ('78CNK',   N'Lập Trường',              N'Nam', 'kh02',                 'f9bfe7955ca421bbf8485a37185343657e9fca172f99468df7b29458c63d5c8d', 'laptruong45@gmail.com',            '1978-06-05',   '0929479210',   0,    'KH00V',    'QH005'), -- pass: password
    ('WNAOK',   N'Nguyễn Kha Lâm',          N'Nữ',  'kh03',                 '7e60a6fd34aa24f01a96406c9b5376d8f850de17bb41df8e14efaf1e0f369e18', 'khalam285@gmail.com',              '1973-11-19',   '0992541278',   0,    'KH00V',    'QH005'), -- pass: password
    ('LUK7K',   N'Nguyễn Công Phượng',      N'Nam', 'kh04',                 '0042ff43c7ff6296521d2e517a940740c5b03bd4a2dd508568da73fcb9962c6a', 'congphuong@gmail.com',             '1969-03-15',   '0904677976',   0,    'KH00V',    'QH005'), -- pass: password
    ('3IDWK',   N'Phương Mỹ Quỳnh',         N'Nữ',  'kh05',                 '314da81b397414e9c0554761fe7932640b7eebe40d38dbe6855b82fc2825d6dc', 'pmyquynh259@gmail.com',            '1976-10-05',   '0984625894',   0,    'KH00V',    'QH005'), -- pass: password
    ('7KG1K',   N'Ngô Quang Nhật',          N'Nữ',  'kh06',                 'd84e95c9b23d15c54961fb684b4f650e1169e6f7b5731c698af579ab4b71f543', 'quanhat@gmail.com',                '2001-11-16',   '0950117212',   0,    'KH00V',    'QH005'), -- pass: password
    ('51NEK',   N'Trí Khai Quốc',           N'Nam', 'kh07',                 'd3b02af12a3a2435a4fcb7d7c35569df5f2ba228a1ba3afd12a860cc3c6dc7d7', 'khaiquoctri150@gmail.com',         '1964-01-04',   '0964580273',   0,    'KH00V',    'QH005'), -- pass: password
    ('VF5LK',   N'Ngô Khắc Duy',            N'Nam', 'kh08',                 '3a44fda6fd67a32586b2f0fa2c585b57c13739743b5dc64625df606ad44942ec', 'khacduy42@gmail.com',              '1995-05-20',   '0934874207',   0,    'KH00V',    'QH005'), -- pass: password
    ('5XB3K',   N'Hồ Thành',                N'Nam', 'kh09',                 '79ad7651e9ca39c2802bdf17d027d0ad01e9b8bd90d4fc1f6286179faac6e975', 'hothanh959@gmail.com',             '1988-07-22',   '0962244274',   0,    'KH00V',    'QH005'), -- pass: password
    ('FUEQK',   N'Vô Lương Tâm',            N'Nam', 'kh10',                 '455a5a5ffad8fb2a22587d4d5e5c3f26ba810ffbce8a5fcb41b811fa5cf5f895', 'voluongtam@gmail.com',             '1971-06-30',   '096765627',    0,    'KH00V',    'QH005'), -- pass: password
    ('9HF1K',   N'Khai Phong Phủ',          N'Nam', 'kh11',                 'dc7023feb0df776f9f6854a664de375348ce6a8c6a8ef6751cc20c660ee27eac', 'khaiphongphu651@gmail.com',        '2005-08-31',   '096839859',    0,    'KH00V',    'QH005'), -- pass: password
    ('79Z9K',   N'Đinh Hồ Gia Tuệ',         N'Nữ',  'kh12',                 '4b47b50bfc5ccc9ec2196d63d171e6129e78687dabc8cb0b9cb8a5b518ccd568', 'giatue9445@gmail.com',             '1980-09-01',   '091052995',    0,    'KH00V',    'QH005'), -- pass: password
    ('AICYK',   N'Ngô Bảo Châu',            N'Nam', 'kh13',                 '49a0a05bb895672c771cee5d605d79557335081899a91a70aece59fe99eb950e', 'baochau5623@gmail.com',            '1996-02-16',   '098143865',    0,    'KH00V',    'QH005'), -- pass: password
    ('V28TK',   N'Lâm Khế Châu',            N'Nam', 'kh14',                 '117fe66e3f675f8028b2b588931059281b2a5b0c88b02dd1cb79ea491d0b3810', 'khe_chau_556@gmail.com',           '1996-12-25',   '0984606293',   0,    'KH00V',    'QH005'), -- pass: password
    ('UIZWK',   N'Hoàng Thùy Linh',         N'Nữ',  'kh15',                 '1f39d661e1238fa1a723d9cf0a4fd239c956caac10c01a622861f3689e786f9f', 'thuylinh290@gmail.com',            '1960-05-03',   '090858408',    0,    'KH00V',    'QH005'), -- pass: password
    ('9CL0K',   N'Nguyễn Đức Cường',        N'Nam', 'kh16',                 'b28b1836eec898e213fbd5c676aea5d0b849d005235dc42c4929b9dcd8529815', 'nguyenduccuong@gmail.com',         '1965-03-27',   '098899680',    0,    'KH00V',    'QH005'), -- pass: password
    ('NLZIK',   N'Mạnh Thường Quân',        N'Nam', 'kh17',                 '27a85625a3b63925c2cc9eae5f4c9f48ec5d3e1ca99534aa021d1a7c9d9a8204', 'manhthuongquan922569@gmail.com',   '1966-08-14',   '0986767735',   0,    'KH00V',    'QH005'), -- pass: password
    ('XU7IK',   N'Nguyễn Thị Thu Hà',       N'Nữ',  'kh18',                 'a6000eac458a2ba721f62287ec42747bdef8681b5259af9c074af03341a82451', 'thu_ha78@gmail.com',               '1989-03-14',   '0978065433',   0,    'KH00V',    'QH005'), -- pass: password
    ('5CMFK',   N'Nguyễn Công Phượng',      N'Nam', 'kh19',                 '2416865fcc7c4b128d0a034455677cae7edb2a6a0fe9aa2ccc1509958f65f07b', 'congphuong4265@gmail.com',         '1985-05-02',   '098761080',    0,    'KH00V',    'QH005'), -- pass: password
    ('ON4BK',   N'Kevin Porter',            N'Nam', 'kh20',                 '667128f65c6d2ba5c53a702b58c6261576c179240544426ce7720ccbda36ef89', 'kporter_42@gmail.com',             '1989-04-18',   '0933275059',   0,    'KH00V',    'QH005'), -- pass: password
    ('J0Y2K',   N'Vạn Lý Trường Thành',     N'Nam', 'kh21',                 '19086cf456cca385334aba7a872a54f6e6929ac114ba7a7973c824d7dfaa253d', 'truongthanh60@gmail.com',          '1976-05-31',   '0962338296',   0,    'KH00V',    'QH005'), -- pass: password
    ('GVYGK',   N'Nguyễn Nhật Ánh',         N'Nữ',  'kh22',                 '6ef137fe6f1351ca9d1e69e4664aad9998b9879a7c287f76c6d871fc3e8e4d59', 'nhatanh@gmail.com',                '1972-09-24',   '0941284446',   0,    'KH00V',    'QH005'), -- pass: password
    ('Z6ERK',   N'Kylian Mbappé',           N'Nam', 'kh23',                 '93a0929117fe37d2c49cb90f982c0273dd715301da857b1a00b5d07abe03a5df', 'mbappe229@gmail.com',              '1980-05-22',   '0972190188',   0,    'KH00V',    'QH005'), -- pass: password
    ('H8IVK',   N'Cẩm Thạch',               N'Nam', 'kh24',                 '2639c30c870d3829710b5833ae81cc6f4d59dfe61858fc13f6344b82a4c41619', 'cam_thach@gmail.com',              '1998-03-14',   '0950162757',   0,    'KH00V',    'QH005'), -- pass: password
    ('EVCHK',   N'Trần Thủ Đoạn',           N'Nam', 'kh25',                 'b2b2c4933b910b1a3d8922e4e89aee55ed5bd73fd8d7c12c7bdcb206c783c322', 'thudoan10@gmail.com',              '1974-02-28',   '095072197',    0,    'KH00V',    'QH005'), -- pass: password
    ('WREFK',   N'Đặng Thị Xảo Quyệt',      N'Nam', 'kh26',                 '22fe0d8a879d7fcab703ea8c58c0d931aca39d687d150c31f268d4da6b7208b3', 'xaoquyet90@gmail.com',             '1988-07-09',   '0993674540',   0,    'KH00V',    'QH005'), -- pass: password
    ('EI4JK',   N'Khôi Ngô Tuấn Tú',        N'Nam', 'kh27',                 'a26aaf85579beda3774b8db56d349fb9a4821e43087ecd0dfff2d3a815a104db', 'tuantu25@gmail.com',               '1971-11-08',   '0946622149',   0,    'KH00V',    'QH005'), -- pass: password
    ('GGQ5K',   N'Lâm Hoàng Kha',           N'Nam', 'kh28',                 'd23fac3f54e878be1fb0f9e15ff4c7fdc044886367027734b9aa5d4747e20a28', 'lamkha@gmail.com',                 '1976-03-15',   '0954263625',   0,    'KH00V',    'QH005'), -- pass: password
    ('YGRJK',   N'Lê Lai',                  N'Nam', 'kh29',                 'adfa0822f43b35316fc26a48bd4345800b40065a10e6fe37b104d2faeb8115bc', 'lelai_10@gmail.com',               '1976-03-04',   '0989974655',   0,    'KH00V',    'QH005'), -- pass: password
    ('30UUK',   N'Lê Thị Đào',              N'Nữ',  'kh30',                 '65b1574fb3cade810dd2568f7898a0a8e9dd1dfee1e2f4774cb4d2042f37d397', 'daole@gmail.com',                  '2002-10-04',   '0968591448',   0,    'KH00V',    'QH005'), -- pass: password
    ('6ENMK',   N'Cao Kiên Cường',          N'Nam', 'kh31',                 'f115d7862a47617131951d94e47f5ed583cdba51c8c7ad99b55357000189b953', 'kiencuong_15@gmail.com',           '2004-02-21',   '0974161824',   0,    'KH00V',    'QH005'), -- pass: password
    ('OIHXK',   N'Hoa Anh Đào',             N'Nữ',  'kh32',                 '72d1e0d49ea45c8dd082145d4813bde0ee2f0d71e59ed212ce5c61e69545aae0', 'anhdao@gmail.com',                 '1984-06-01',   '0985208143',   0,    'KH00V',    'QH005'), -- pass: password
    ('IL6XK',   N'Cao Bá Quát',             N'Nam', 'kh33',                 '7e9fc39cbd10002aa20f24f3b1c341f2407c90223d2269d9940fa4de281c60b2', 'caobawatt2456@gmail.com',          '1984-07-09',   '0978457791',   0,    'KH00V',    'QH005'), -- pass: password
    ('SYMZK',   N'Phương Hoàng Bình Minh',  N'Nữ',  'kh34',                 '05c208cf3ca9ac826ef772148c9b3cb4a027fa3ad5c3ea415bbc3b2fb28a062d', 'binhminh4254@gmail.com',           '1982-10-22',   '0959466890',   0,    'KH00V',    'QH005'); -- pass: password

INSERT INTO HOADON VALUES
('DROXPNLDH','30UUK','1H7FK','B102','2023-12-18','17:04:53',2,80000,''),
('PATIUKGVH','7ABEK','DNQRK','C001','2023-12-12','14:13:58',0,370000,''),
('NQZVKHFXH','GILDK','GY2KK','B101','2023-08-28','18:14:54',0,148000,''),
('AP7TSBF2H','YGRJK','20W8K','A002','2023-11-28','16:54:40',1,155000,''),
('U2THRHDBH','VF5LK','GILDK','M000','2024-05-01','10:33:27',1,1000000,''),
('HVAMROL6H','GY2KK','GILDK','A102','2023-12-12','16:21:43',2,119000,''),
('2GW8JRB5H','4XZOK','R3T7K','A001','2023-11-05','20:57:02',1,800000,''),
('L1XAQ2UNH','UIZWK','GILDK','C001','2023-07-07','18:02:28',2,80000,''),
('40X219EFH','51NEK','20W8K','B002','2023-05-04','20:30:57',0,400000,''),
('MXOZH3FWH','Z6ERK','GILDK','D101','2023-08-29','15:28:44',1,70000,''),
('EB1MPHSCH','9CL0K','20W8K','A101','2023-05-14','20:21:11',1,70000,''),
('0X5ZUCVOH','TVDLK','20W8K','B102','2023-06-23','15:28:54',0,200000,''),
('AWR00SE3H','GGQ5K','R3T7K','A102','2023-07-02','14:35:14',1,1050000,''),
('BQVWDMYRH','EI4JK','GILDK','B001','2023-04-19','13:26:49',0,500000,''),
('VA6PBH8XH','78CNK','R3T7K','D001','2023-05-24','10:58:06',1,800000,''),
('HVCEDOVKH','IKPOK','GILDK','D002','2023-04-06','18:25:55',1,700000,''),
('C9YUMP6VH','30UUK','20W8K','M000','2023-11-13','19:05:52',1,400000,''),
('68K8V69OH','Z6ERK','20W8K','B002','2023-07-27','18:28:43',2,878000,''),
('8NDTGGN2H','ZHFHK','R3T7K','A101','2023-05-03','15:03:22',0,80000,''),
('Y3SEQAZXH','TVDLK','DNQRK','D101','2023-05-27','20:52:04',2,100000,''),
('5LTDXEFGH','9HF1K','GILDK','D001','2023-05-07','18:48:59',0,800000,''),
('EKSD79CLH','OIHXK','R3T7K','A102','2023-05-08','13:53:23',1,100000,''),
('WXF0KBE5H','79Z9K','R3T7K','A001','2023-11-19','14:09:45',2,80000,''),
('V65T61F5H','9HF1K','R3T7K','D101','2023-09-05','13:32:17',1,1100000,''),
('IXDJN514H','YGRJK','R3T7K','A102','2023-07-17','13:46:11',2,148000,''),
('I7O5XK5ZH','4O6TK','20W8K','C102','2023-06-16','15:02:24',0,80000,''),
('1HS259N3H','US7OK','20W8K','C002','2023-05-04','17:08:03',1,1000000,''),
('HXR1IWJNH','5CMFK','R3T7K','A001','2023-04-30','11:00:03',2,320000,''),
('FX4J6270H','3IDWK','R3T7K','M000','2023-04-29','18:52:12',0,150000,''),
('6KSMXIILH','V28TK','R3T7K','D002','2023-10-20','15:53:58',0,80000,''),
('AG2ZIM9JH','4XZOK','R3T7K','D102','2023-05-16','17:27:19',0,400000,''),
('KKCZN9WVH','DNQRK','DNQRK','B002','2023-04-15','18:54:18',2,800000,''),
('XB09QV38H','OIHXK','R3T7K','D102','2023-06-11','12:21:02',0,80000,''),
('J26VQAG8H','4O6TK','R3T7K','A001','2023-07-02','19:34:05',1,70000,''),
('PG0B4UE2H','IL6XK','20W8K','B001','2023-10-23','14:20:43',2,900000,''),
('XU9VZIM6H','9HF1K','20W8K','M000','2023-08-14','10:26:19',2,80000,''),
('Y6ZVSI4OH','DNQRK','GILDK','A101','2023-04-18','17:42:42',0,800000,''),
('N3PQQO2JH','WREFK','GILDK','B001','2023-07-06','19:34:55',2,120000,''),
('EDJHIU1CH','GVYGK','20W8K','A101','2023-10-22','16:11:27',2,140000,''),
('67M5VHIAH','J2YWK','20W8K','C101','2023-09-12','11:52:00',0,700000,''),
('Q97ULUQHH','LUK7K','R3T7K','D001','2023-08-30','19:32:05',2,400000,''),
('LMYAFYMJH','ITE5K','GILDK','C101','2023-10-16','11:51:07',0,878000,''),
('10RW9FXDH','J0Y2K','GILDK','B002','2023-05-06','16:57:47',0,80000,''),
('FWZU692GH','ON4BK','GILDK','B002','2023-07-28','14:33:42',2,270000,''),
('UO9QRI8TH','EVCHK','R3T7K','C101','2023-04-18','19:33:43',0,80000,''),
('WC56607HH','GVYGK','20W8K','B002','2023-05-10','10:46:32',2,80000,''),
('UCD5ZWBLH','3IDWK','GILDK','D001','2023-08-09','17:56:55',2,100000,''),
('M3OY46KMH','79Z9K','20W8K','B001','2023-06-26','12:22:44',0,370000,''),
('TRP0Z62TH','GVYGK','GILDK','A002','2023-10-30','16:08:31',1,550000,''),
('1796J1HOH','5CMFK','R3T7K','C101','2023-10-04','11:14:19',2,70000,''),
('YS9356R8H','US7OK','20W8K','D102','2023-09-03','10:03:56',1,155000,''),
('NYEY3JZ0H','ON4BK','GILDK','A102','2023-07-20','17:07:01',1,460000,''),
('1SMOKHSYH','8F5JK','20W8K','A102','2023-12-06','10:29:57',2,119000,''),
('KUE1XEBVH','AWQGK','GILDK','D102','2023-12-23','11:29:56',0,80000,''),
('WAAM6RRXH','GVYGK','20W8K','B001','2023-07-18','19:50:03',1,400000,''),
('ARNA2EZRH','8F5JK','20W8K','B102','2023-10-20','11:58:23',0,200000,''),
('IIF0O2ERH','30UUK','R3T7K','B102','2023-12-20','16:02:25',1,550000,''),
('9LTK2ZLIH','EI4JK','GILDK','C002','2023-10-10','10:00:03',1,200000,''),
('XSC3JM4KH','SYMZK','20W8K','B101','2023-04-03','16:09:28',1,1598000,''),
('BZO23S6GH','7KG1K','GILDK','A002','2023-07-05','15:14:50',1,80000,''),
('4WSO9LG3H','5CMFK','GILDK','A102','2023-10-27','17:45:36',2,530000,''),
('5SMU7G5KH','J2YWK','20W8K','C002','2023-09-01','13:37:30',0,800000,''),
('GFMJC6I6H','4XZOK','DNQRK','D101','2023-12-18','15:03:44',0,1050000,''),
('N4YZOLXRH','4O6TK','20W8K','D002','2023-11-27','11:38:08',1,120000,''),
('PNQFH6ILH','GGQ5K','DNQRK','D002','2023-08-25','13:42:48',0,140000,''),
('MI709KM5H','LUK7K','GILDK','B001','2023-04-29','12:51:13',2,700000,''),
('4DWYFXE8H','5CMFK','DNQRK','C001','2023-10-28','10:43:36',2,878000,''),
('OWBEWROUH','LUK7K','DNQRK','B002','2023-05-13','16:01:22',1,270000,''),
('55FU0ZDJH','78CNK','DNQRK','D002','2023-09-08','16:44:49',1,80000,''),
('6B638R6DH','A4S2K','GILDK','C002','2023-04-05','19:51:53',1,80000,''),
('S34LY9M1H','AICYK','20W8K','B001','2023-09-11','19:54:07',1,80000,''),
('IS0U5EZ4H','7ABEK','DNQRK','B002','2023-06-14','19:19:03',1,1100000,''),
('3N5EE2EEH','IL6XK','20W8K','D002','2023-06-14','20:21:37',2,148000,''),
('9M1E0L97H','YGRJK','20W8K','A102','2023-04-19','12:13:37',0,460000,''),
('Z8W2WD56H','VF5LK','R3T7K','D102','2023-10-28','19:21:40',1,80000,''),
('SNLI9SO2H','AWQGK','GILDK','B001','2023-08-27','10:01:46',2,1000000,''),
('LB9UW180H','TS3HK','R3T7K','D101','2023-11-08','17:54:11',1,80000,''),
('Y0LLHIB7H','1H7FK','20W8K','A102','2023-12-15','15:08:38',1,700000,''),
('S256S6I0H','VF5LK','GILDK','A001','2023-11-09','15:44:16',1,80000,''),
('S9W0Q6EQH','AWQGK','DNQRK','C001','2023-12-15','10:49:38',1,80000,''),
('892YLOL7H','A4S2K','20W8K','D101','2023-05-10','19:56:12',2,400000,''),
('95D51TYKH','R3T7K','DNQRK','D002','2023-08-07','15:22:10',1,100000,''),
('MOZGXRKPH','51NEK','20W8K','C101','2023-12-23','15:09:21',1,70000,''),
('3ICXFIK2H','GY2KK','DNQRK','C101','2024-05-03','12:01:57',1,90000,''),
('V4NHQNVEH','NLZIK','GILDK','C001','2023-10-08','15:34:26',0,550000,''),
('R77W2M88H','UIZWK','DNQRK','A102','2023-06-12','18:51:48',1,800000,''),
('KMOCH73QH','79Z9K','DNQRK','A102','2023-07-14','12:02:21',2,1050000,''),
('ZN4CLY21H','J0Y2K','DNQRK','A101','2023-08-09','15:10:22',1,120000,''),
('VLK6FR49H','5XB3K','20W8K','A101','2023-12-05','17:58:28',1,140000,''),
('2VZ0UYWRH','XU7IK','DNQRK','M000','2023-11-12','17:18:03',0,400000,''),
('KDM34HUXH','79Z9K','R3T7K','D101','2023-09-03','12:14:52',1,878000,''),
('B7RCSS23H','ZHFHK','GILDK','D102','2023-07-07','15:24:03',1,80000,''),
('FGARCB32H','OIHXK','DNQRK','D002','2023-08-16','19:09:24',1,100000,''),
('ROJWID6BH','51NEK','GILDK','C102','2023-06-14','17:25:00',2,70000,''),
('1N2IL87NH','AICYK','GILDK','C102','2023-11-28','20:32:16',0,148000,''),
('0W5I91RJH','6ENMK','GILDK','A101','2023-11-02','10:33:34',1,155000,''),
('35UNXEOIH','FUEQK','GILDK','A001','2023-11-11','10:26:24',2,100000,''),
('KULP88P8H','EVCHK','DNQRK','A001','2023-11-26','18:30:02',0,800000,''),
('AQLE0USGH','30UUK','R3T7K','D101','2023-10-18','13:54:14',2,460000,''),
('JW0QGU20H','79Z9K','GILDK','B101','2023-12-17','11:09:58',1,1000000,''),
('7A3MSTNWH','GILDK','20W8K','C001','2023-07-22','13:25:27',0,320000,''),
('9U70WRP2H','DNQRK','R3T7K','A102','2023-04-06','20:30:39',0,700000,''),
('G6ITPNTIH','GVYGK','20W8K','C001','2023-12-07','13:20:24',0,400000,''),
('NNDBO8B0H','6ENMK','DNQRK','D102','2023-04-11','11:50:17',0,100000,''),
('1VR7FCQRH','AICYK','GILDK','M000','2023-09-20','15:58:39',0,200000,''),
('CZEFX1U1H','ON4BK','R3T7K','C101','2023-05-20','12:36:01',2,900000,''),
('G8JJMIKUH','J0Y2K','GILDK','B101','2023-04-09','17:01:46',2,90000,''),
('RU9EPMHAH','30UUK','R3T7K','C102','2023-08-17','13:55:25',0,1598000,''),
('SG9BARWEH','3IDWK','DNQRK','D102','2023-12-18','17:54:19',1,1000000,''),
('Q0R0INVWH','1H7FK','DNQRK','D001','2023-07-09','20:29:37',2,1050000,''),
('3M5QY1OSH','GY2KK','20W8K','A102','2023-07-01','20:07:53',0,300000,''),
('K7QVDLC0H','SYMZK','R3T7K','C001','2023-06-07','12:50:48',1,900000,''),
('SDWQ2S1YH','80EQK','20W8K','B002','2023-06-15','11:57:20',0,250000,''),
('LF3V1UMDH','20W8K','20W8K','A101','2023-08-27','14:54:51',0,1500000,''),
('8NLDQ1M1H','EVCHK','R3T7K','C002','2023-08-11','16:23:10',1,878000,''),
('2Q0CABBFH','TS3HK','DNQRK','B101','2024-04-10','12:35:03',0,80000,''),
('Y1IE1F3KH','WNAOK','20W8K','B101','2023-06-03','10:26:19',1,80000,''),
('UGET8210H','5XB3K','20W8K','A001','2024-04-12','20:13:24',0,800000,''),
('VNWZA8J0H','TVDLK','20W8K','D002','2023-09-25','16:36:55',2,550000,''),
('15XL2ZXKH','4XZOK','R3T7K','A102','2023-12-27','20:29:31',1,70000,''),
('DY7ALIL2H','AICYK','DNQRK','A102','2023-05-28','13:45:05',1,80000,''),
('TATKW23AH','ZHFHK','20W8K','A101','2023-07-28','19:31:14',0,460000,''),
('ZARXOLEZH','ITE5K','20W8K','C102','2023-04-09','13:51:20',0,1000000,''),
('RRM6RSS5H','UIZWK','R3T7K','A102','2023-10-05','18:43:11',2,320000,''),
('S4QJ41OMH','TS3HK','DNQRK','D102','2023-05-01','15:18:33',2,100000,''),
('B3GAP9E9H','80EQK','DNQRK','C102','2023-09-11','13:55:31',0,207000,''),
('BXW2HA52H','SYMZK','GILDK','M000','2023-07-14','15:17:41',2,700000,''),
('TIS45PKAH','80EQK','R3T7K','A002','2023-06-13','17:23:40',0,80000,''),
('RX11MTF7H','FUEQK','R3T7K','A101','2023-09-04','18:59:43',2,800000,''),
('VEVUEEJSH','VF5LK','R3T7K','B102','2023-07-14','12:01:51',2,400000,''),
('MN4450XSH','DNQRK','GILDK','C001','2023-12-02','16:28:00',0,70000,''),
('8Y0WJTRVH','H8IVK','20W8K','C001','2023-11-13','10:01:34',1,80000,''),
('SFS2INXSH','EI4JK','GILDK','D101','2024-04-26','15:02:11',0,250000,''),
('RYGCOLXPH','LUK7K','20W8K','C101','2023-04-03','18:28:39',0,200000,''),
('89RSVQE1H','9CL0K','GILDK','A101','2023-06-17','10:05:19',0,900000,''),
('9I3Y3TYBH','IKPOK','R3T7K','M000','2023-12-20','19:12:00',2,550000,''),
('X9B9WRJ9H','J2YWK','GILDK','C101','2024-04-11','11:23:04',2,70000,''),
('0LNHUVDWH','7KG1K','DNQRK','C101','2023-12-23','10:06:35',0,90000,''),
('ALXJC8ACH','9HF1K','R3T7K','D001','2023-09-26','14:20:56',2,550000,''),
('A029T8Z7H','9CL0K','DNQRK','A101','2023-06-16','17:33:35',0,1598000,''),
('9EPOKY2RH','EI4JK','R3T7K','D001','2024-04-24','15:00:21',1,1000000,''),
('ZS2KC7HOH','3IDWK','GILDK','A102','2024-04-16','13:14:33',0,800000,''),
('EGXS5P9YH','Z6ERK','DNQRK','M000','2023-09-27','13:14:21',1,1050000,''),
('9885ZJP1H','4O6TK','DNQRK','B001','2023-12-08','11:29:30',1,500000,''),
('VPHPGYMMH','9HF1K','GILDK','A101','2023-09-03','12:32:54',0,300000,''),
('SGTTFZADH','DNQRK','R3T7K','B002','2024-04-19','16:18:55',2,900000,''),
('TN4NLHCUH','UIZWK','DNQRK','B001','2024-04-07','14:25:52',2,1500000,''),
('E0PLZ72PH','IL6XK','20W8K','A102','2023-08-23','12:11:21',2,878000,''),
('CBYXZ1IQH','8F5JK','R3T7K','D001','2023-10-15','10:34:47',0,80000,''),
('3K9Z6PSJH','5CMFK','20W8K','D001','2024-04-04','14:16:53',2,80000,''),
('84MLOCPOH','20W8K','DNQRK','C002','2023-08-01','14:10:02',1,540000,''),
('NXKPJBWVH','VF5LK','R3T7K','C101','2023-12-24','10:17:29',1,80000,''),
('ODREBNN1H','GVYGK','20W8K','M000','2023-08-02','15:17:50',2,148000,''),
('EOTAHMXYH','AICYK','20W8K','C102','2024-04-16','14:02:32',0,80000,''),
('HFN5VQAAH','WREFK','R3T7K','D002','2023-10-21','14:42:05',1,1000000,''),
('VJJBR2G2H','3IDWK','R3T7K','D002','2023-05-17','12:29:57',1,80000,''),
('YOL28OIVH','20W8K','GILDK','B002','2024-04-12','15:02:38',0,360000,''),
('RUHASPHAH','AWQGK','GILDK','D102','2023-04-25','20:43:10',1,700000,''),
('9VIEX198H','4O6TK','R3T7K','C101','2023-10-26','13:42:14',0,80000,''),
('CRS1DLKLH','TS3HK','DNQRK','A101','2023-08-29','18:31:33',2,800000,''),
('H1M2B502H','9HF1K','20W8K','C002','2024-04-22','15:41:52',1,80000,''),
('62NAIARGH','79Z9K','20W8K','A101','2024-04-25','13:08:04',0,80000,''),
('CIC5UCE6H','EVCHK','20W8K','C102','2023-09-20','13:01:01',2,200000,''),
('ON0R5QRFH','R3T7K','R3T7K','B002','2023-09-18','18:24:01',2,900000,''),
('J521CO9EH','XU7IK','R3T7K','A001','2023-09-30','14:01:52',0,200000,''),
('5PH5N8ZBH','GY2KK','DNQRK','C101','2023-10-17','19:49:23',1,550000,''),
('9MZ5JP1FH','ITE5K','DNQRK','B002','2023-05-19','19:49:32',1,400000,''),
('WPNXEI7QH','78CNK','20W8K','A102','2023-10-29','10:24:17',2,878000,''),
('KI1MI0DYH','79Z9K','R3T7K','B002','2023-05-07','12:56:31',0,100000,''),
('I79E5JSPH','51NEK','R3T7K','A001','2023-12-23','19:41:23',2,550000,''),
('XYRT1W54H','R3T7K','GILDK','D102','2023-04-16','19:19:25',1,70000,''),
('EWFXALAWH','UIZWK','20W8K','D001','2023-05-25','20:18:57',0,80000,''),
('S1UFHM3JH','5CMFK','R3T7K','B001','2023-09-02','18:35:26',0,80000,''),
('IBWMPWKMH','UIZWK','R3T7K','C102','2023-08-24','17:54:23',2,80000,''),
('689P0NYYH','3IDWK','20W8K','B001','2023-04-05','16:43:48',2,250000,''),
('M6HVUQX6H','GY2KK','GILDK','C101','2023-09-06','19:55:41',1,80000,''),
('7NVDYNILH','7ABEK','20W8K','M000','2023-04-26','11:55:00',1,100000,''),
('5IK09TPSH','OIHXK','20W8K','B102','2023-05-01','17:30:36',2,360000,''),
('M20CMU5EH','GILDK','20W8K','D001','2023-12-16','12:39:17',2,119000,''),
('C52KEHY1H','TVDLK','GILDK','B102','2023-08-22','10:42:55',0,80000,''),
('NZOBAGXSH','ON4BK','20W8K','D102','2023-06-01','17:02:01',0,100000,''),
('ZYUSC8Y3H','30UUK','R3T7K','D001','2023-06-17','13:40:59',2,80000,''),
('RZI20VUNH','GVYGK','20W8K','A101','2023-05-23','16:04:59',0,200000,''),
('RRB3V7GXH','XU7IK','DNQRK','D102','2023-10-17','17:33:17',1,900000,''),
('TTNKENRGH','ON4BK','DNQRK','A102','2023-05-04','15:34:14',2,90000,''),
('EHMX9NCDH','V28TK','DNQRK','A102','2023-08-29','14:30:35',0,200000,''),
('G93P86B1H','ON4BK','DNQRK','A101','2023-08-12','20:30:04',2,550000,''),
('EBUTF472H','H8IVK','GILDK','C001','2023-08-22','16:08:40',1,1598000,''),
('S69TVOYEH','SYMZK','GILDK','B002','2024-04-27','14:50:28',0,80000,''),
('ICXTJ7NEH','WNAOK','DNQRK','D102','2023-09-08','15:12:49',0,500000,''),
('P7WVE1YXH','US7OK','20W8K','A002','2023-12-13','10:54:25',1,400000,''),
('SVFC28AKH','A4S2K','GILDK','D001','2023-09-27','14:19:17',0,540000,''),
('JTEDNSS1H','EVCHK','R3T7K','D102','2023-04-11','18:47:04',1,100000,''),
('KYH6ISSHH','ZHFHK','GILDK','A102','2023-08-06','12:44:06',1,100000,''),
('YQEHILY1H','GVYGK','DNQRK','D002','2023-05-17','10:16:59',2,1100000,''),
('HLBAJWLJH','GVYGK','20W8K','B102','2023-10-03','18:55:29',0,80000,''),
('BNJZ2K06H','ON4BK','20W8K','D102','2023-04-24','14:40:52',2,150000,''),
('P4LPU2O9H','TS3HK','R3T7K','C102','2024-04-17','11:45:46',1,400000,''),
('C7OM33B7H','WNAOK','DNQRK','B101','2023-12-27','20:28:06',1,80000,''),
('5N5CRSRXH','J0Y2K','20W8K','C102','2023-11-02','16:08:14',2,200000,''),
('N744I3OOH','ITE5K','GILDK','D002','2023-09-22','11:47:29',2,80000,''),
('0H2OAJHOH','TS3HK','20W8K','D102','2023-09-25','18:25:00',0,1000000,''),
('7B7MI9PIH','4XZOK','DNQRK','B001','2023-09-09','15:38:22',2,300000,''),
('ML3POYP6H','FUEQK','R3T7K','B102','2023-05-29','15:14:07',1,270000,''),
('MXCW8T1JH','51NEK','1H7FK','M000','2023-10-19','17:44:15',0,70000,''),
('S9WWAX7WH','YGRJK','GILDK','D001','2023-04-09','17:59:14',1,200000,''),
('FQEPVFPNH','IKPOK','20W8K','M000','2023-09-20','11:42:27',1,80000,''),
('RVS6989BH','A4S2K','GILDK','A101','2023-10-24','10:30:21',1,148000,''),
('25BMHUQNH','TS3HK','DNQRK','D002','2023-10-14','13:06:10',1,320000,''),
('KX3IN3HYH','US7OK','R3T7K','D002','2023-04-05','18:38:02',0,100000,''),
('OHK7T9LGH','20W8K','GILDK','A102','2023-05-24','19:48:19',2,200000,''),
('HYFMA4JUH','6ENMK','GILDK','B102','2023-09-02','12:58:40',0,550000,''),
('AU4EVUPUH','FUEQK','R3T7K','D101','2023-05-27','11:12:08',1,1598000,''),
('A1F7LHAXH','1H7FK','R3T7K','A002','2023-11-24','13:46:56',0,300000,''),
('N4S2YBS2H','51NEK','GILDK','D001','2023-05-09','15:09:07',1,700000,''),
('U4ESODNQH','EVCHK','R3T7K','D101','2023-05-12','11:53:54',2,400000,''),
('NJH29DC3H','YGRJK','20W8K','B001','2023-09-10','10:52:45',2,270000,''),
('1Z723O49H','9CL0K','DNQRK','B102','2023-07-22','13:18:13',0,80000,''),
('XS9GLQ58H','R3T7K','R3T7K','D102','2023-08-27','11:44:13',2,800000,''),
('CBU0P6F7H','51NEK','GILDK','C001','2023-07-24','11:54:55',2,100000,''),
('OZTC9IYKH','OIHXK','R3T7K','D002','2023-08-11','16:23:54',1,80000,''),
('1YA9EZ9GH','OIHXK','20W8K','A102','2023-12-16','17:50:24',0,1100000,''),
('9F46EGE7H','4O6TK','R3T7K','M000','2023-08-14','13:11:41',1,460000,''),
('OJ08SMO4H','9CL0K','GILDK','C002','2023-09-12','20:07:44',0,80000,''),
('TAOE429PH','9HF1K','DNQRK','D001','2023-09-15','20:51:11',0,1000000,''),
('4YOXQ63MH','EVCHK','GILDK','B102','2023-09-28','10:44:12',1,400000,''),
('CO0KCI3HH','V28TK','GILDK','B101','2023-12-08','10:33:58',0,80000,''),
('VWY0RZ2PH','US7OK','GILDK','A002','2023-10-09','12:08:43',1,70000,''),
('KGPEL4LHH','R3T7K','DNQRK','C001','2023-07-27','13:13:25',2,90000,''),
('FPCP1QQRH','51NEK','GILDK','A101','2023-12-26','13:43:31',1,550000,''),
('PN6DVD2KH','6ENMK','DNQRK','D101','2023-08-16','13:27:53',0,1598000,''),
('HGSHEJ7EH','IKPOK','R3T7K','D101','2023-11-30','18:09:24',2,530000,''),
('59NKQZAHH','GILDK','GILDK','C001','2023-08-21','19:01:39',0,1050000,''),
('DTFWGNPEH','7KG1K','20W8K','C102','2024-04-22','12:58:28',0,140000,''),
('FGLD3Z4GH','20W8K','DNQRK','B101','2023-09-12','20:40:19',1,300000,''),
('NE7EMDC5H','80EQK','DNQRK','C002','2024-04-17','17:18:45',2,800000,''),
('R8T2DGAZH','9HF1K','R3T7K','A001','2023-12-11','16:01:43',2,878000,''),
('NZAB8GE3H','J0Y2K','DNQRK','A002','2023-09-07','15:04:41',0,80000,''),
('1OC883LGH','8F5JK','DNQRK','A002','2023-06-19','19:13:42',2,370000,''),
('FG6L2659H','78CNK','GILDK','B002','2023-07-19','19:41:37',0,550000,''),
('RJFH3XB8H','3IDWK','20W8K','A001','2023-06-16','17:26:17',2,70000,''),
('FV0DY2IHH','GY2KK','DNQRK','C102','2023-07-25','18:05:22',0,200000,''),
('ADN7BE7XH','9HF1K','20W8K','M000','2023-11-15','18:17:06',2,80000,''),
('XMX6KY7QH','7ABEK','20W8K','D102','2023-07-06','20:48:32',1,80000,''),
('4AUYA6AEH','UIZWK','R3T7K','A101','2023-11-20','18:59:09',2,360000,''),
('ND2MCHRMH','GGQ5K','GILDK','C102','2023-06-04','20:27:31',0,550000,''),
('8ZLYT78MH','GVYGK','20W8K','A101','2023-04-01','11:21:31',2,119000,''),
('MRUQAEYQH','AICYK','GILDK','D001','2023-06-05','15:23:35',1,207000,''),
('XJJYITGDH','XU7IK','GILDK','B102','2023-11-05','14:32:22',0,80000,''),
('DJU7MUUPH','EVCHK','20W8K','A001','2023-07-20','20:05:10',1,700000,''),
('5K7UNJ76H','WNAOK','20W8K','C101','2023-12-02','19:28:05',2,80000,''),
('CIMTMTDIH','78CNK','20W8K','C002','2023-05-09','13:46:05',2,800000,''),
('OLZ373DOH','7KG1K','R3T7K','B002','2023-11-02','16:29:57',2,80000,''),
('TIUJMAA1H','78CNK','20W8K','B102','2023-07-13','17:01:33',0,70000,''),
('6EVZGEDNH','8F5JK','GILDK','C002','2023-09-26','17:31:05',1,250000,''),
('LNWAHX0TH','J0Y2K','GILDK','D001','2023-07-19','17:56:33',1,900000,''),
('FLSA51RBH','GILDK','GILDK','A102','2023-12-06','16:52:39',0,550000,''),
('GTAFYXTBH','GILDK','GILDK','B002','2023-07-16','20:52:40',0,70000,''),
('HUWH8OCKH','GVYGK','GILDK','D102','2023-06-03','14:45:57',1,90000,''),
('ILRUHDH6H','OIHXK','R3T7K','C102','2023-08-16','13:15:04',1,550000,''),
('RBEBS95FH','30UUK','DNQRK','C102','2023-06-24','16:36:05',1,1000000,''),
('WTSXD8ZXH','J0Y2K','GILDK','D002','2023-09-20','12:38:18',1,800000,''),
('3V2WATV0H','ZHFHK','DNQRK','D001','2023-11-30','15:19:11',1,250000,''),
('JI1UK74DH','UIZWK','DNQRK','B002','2023-06-11','20:08:57',2,400000,''),
('MEXXTSTHH','J0Y2K','20W8K','C101','2023-12-15','16:53:44',1,80000,''),
('ZRUO5PGKH','WNAOK','DNQRK','A102','2023-12-13','19:39:37',0,80000,''),
('W31WKU57H','7ABEK','GILDK','D002','2023-10-20','10:28:30',0,100000,''),
('PN2JHL4ZH','AWQGK','20W8K','C002','2023-10-16','14:22:51',0,800000,''),
('ZPL9KBEKH','ITE5K','GILDK','D002','2023-06-04','12:12:01',0,100000,''),
('BU7T8H53H','8F5JK','DNQRK','B102','2023-05-18','11:13:47',0,1100000,''),
('BR7QFI21H','V28TK','R3T7K','A002','2023-05-22','17:02:40',1,460000,''),
('JZIF0JAOH','DNQRK','GILDK','D002','2023-10-03','10:43:46',0,80000,''),
('W5YQEH9UH','78CNK','GILDK','D001','2023-07-07','11:29:48',2,150000,''),
('YQU0XL9HH','R3T7K','20W8K','D102','2023-06-02','12:45:06',2,360000,''),
('S8I0NNTQH','VF5LK','DNQRK','A002','2023-09-15','11:18:44',0,207000,''),
('WTZU39U2H','51NEK','20W8K','A102','2023-07-07','10:49:19',0,400000,''),
('UT7DSPZ3H','Z6ERK','DNQRK','A001','2023-12-24','16:23:12',0,250000,''),
('SN2ZYCE7H','R3T7K','GILDK','C002','2023-11-24','20:12:06',0,900000,''),
('0AW1BJAIH','J2YWK','20W8K','B001','2023-06-28','10:40:37',1,550000,''),
('LH3VRP1ZH','V28TK','20W8K','A101','2023-11-07','14:41:50',1,90000,''),
('52FDO6YDH','GGQ5K','20W8K','M000','2024-04-30','10:48:00',2,550000,''),
('IOIAV42UH','GILDK','GILDK','C101','2023-05-16','12:41:25',1,1598000,''),
('O232M20KH','FUEQK','R3T7K','C101','2023-04-03','16:20:00',0,530000,''),
('SZ1LVEMCH','SYMZK','20W8K','A002','2023-06-23','10:30:25',1,800000,''),
('WC356AT4H','VF5LK','R3T7K','B001','2023-09-03','19:57:59',1,900000,''),
('MTTWBAWRH','8F5JK','R3T7K','M000','2024-04-05','14:33:32',0,400000,''),
('PIGZV8NDH','5CMFK','GILDK','B102','2023-04-20','15:15:56',2,80000,''),
('B5VYENREH','SYMZK','20W8K','C102','2023-09-08','18:10:25',2,270000,''),
('CFNTA7YNH','WNAOK','GILDK','D102','2023-06-23','17:12:41',1,80000,''),
('I9Q2JDIRH','TVDLK','DNQRK','C002','2023-06-02','10:27:39',1,80000,''),
('CK5N7WRXH','WNAOK','DNQRK','B101','2023-09-22','12:44:00',0,1100000,''),
('Y04BP4Z8H','5XB3K','20W8K','C101','2023-08-07','17:21:18',1,148000,''),
('COU6WCQSH','3IDWK','GILDK','B001','2023-09-09','15:28:06',0,100000,''),
('U3RVRV37H','8F5JK','20W8K','D102','2023-11-10','14:19:38',1,360000,''),
('WDV4REGPH','TVDLK','GILDK','A101','2023-09-13','12:33:12',1,119000,''),
('X05KCX7NH','UIZWK','DNQRK','A101','2023-11-16','10:22:08',0,207000,''),
('JS04TL4AH','TS3HK','DNQRK','B001','2023-12-14','20:42:02',2,700000,''),
('3N3EF5FDH','7ABEK','20W8K','C002','2023-09-25','13:05:10',2,400000,''),
('76OLJ5Q7H','3IDWK','DNQRK','B001','2023-04-07','15:33:31',0,70000,''),
('IEJ6HGP7H','9CL0K','DNQRK','D101','2023-06-17','20:49:34',2,80000,''),
('5DL948OKH','79Z9K','20W8K','D102','2023-12-11','19:36:02',1,200000,''),
('JVBDKCK1H','R3T7K','R3T7K','B002','2023-11-11','13:21:46',2,550000,''),
('U1MGIWEOH','FUEQK','GILDK','B102','2023-08-12','14:29:05',1,90000,''),
('B2WPC82WH','TVDLK','DNQRK','B101','2023-12-01','19:26:02',2,80000,''),
('86IBUFI8H','AWQGK','20W8K','D002','2023-04-28','17:30:10',2,1050000,''),
('SECX3MWFH','5XB3K','GY2KK','B102','2023-07-13','16:06:27',0,500000,''),
('3RMP3IZIH','5XB3K','DNQRK','C001','2023-08-08','14:00:45',2,800000,''),
('978CM9HLH','4XZOK','DNQRK','B002','2023-04-09','16:27:53',1,80000,''),
('2OFO4JHOH','51NEK','R3T7K','C102','2023-11-26','12:36:27',0,540000,''),
('TOXDUQVYH','EI4JK','20W8K','A102','2023-06-19','11:44:04',0,80000,''),
('FQVUVN2ZH','DNQRK','DNQRK','A101','2023-12-22','13:32:00',2,800000,''),
('H9BXHGWTH','GVYGK','R3T7K','D002','2023-06-14','16:00:48',0,550000,''),
('605OHILUH','6ENMK','20W8K','B102','2023-04-26','16:18:19',0,1100000,''),
('K86PUVYTH','SYMZK','DNQRK','A102','2023-07-04','13:17:48',2,80000,''),
('MK65NXZPH','TS3HK','GILDK','C101','2023-05-14','10:49:44',0,80000,''),
('WPH4HUHMH','V28TK','GILDK','C001','2023-08-13','11:15:33',0,360000,''),
('2EH3VGQ7H','1H7FK','20W8K','A001','2023-08-02','13:17:49',2,119000,''),
('FAKXQNEVH','7ABEK','GILDK','D001','2023-04-12','17:38:43',2,80000,''),
('LSL6J0FJH','3IDWK','DNQRK','B001','2023-12-14','12:45:35',2,800000,''),
('BP21AQN0H','ITE5K','GILDK','C101','2023-10-01','12:24:15',0,80000,''),
('1UWQO48FH','1H7FK','GILDK','B101','2023-04-24','12:06:07',1,400000,''),
('480NMC9IH','GY2KK','GILDK','B101','2023-07-02','16:03:11',0,80000,''),
('KVTYJKCCH','ZHFHK','R3T7K','M000','2023-12-27','16:53:43',1,200000,''),
('972FNY7YH','H8IVK','R3T7K','C001','2023-07-11','17:24:57',1,200000,''),
('XU660YHQH','V28TK','20W8K','B102','2023-06-15','18:38:34',2,80000,''),
('UFCKA169H','EI4JK','GILDK','B102','2023-07-14','18:40:20',1,500000,''),
('QTRO7YQQH','5CMFK','GILDK','A102','2023-06-14','12:46:28',1,700000,''),
('RUQQC22FH','GY2KK','DNQRK','A101','2023-06-15','11:54:44',2,270000,''),
('BB02FDSWH','A4S2K','GILDK','B102','2023-05-28','19:48:12',0,540000,''),
('ODDEH1BHH','4XZOK','R3T7K','D002','2023-08-23','17:09:07',2,100000,''),
('B2Z3HS18H','EI4JK','20W8K','D002','2023-09-10','14:07:19',0,80000,''),
('DPOGH1N2H','VF5LK','20W8K','C101','2023-12-17','10:33:36',2,155000,''),
('M6J8BE3NH','30UUK','20W8K','A102','2023-10-14','13:05:42',0,80000,''),
('B4A3UMIZH','80EQK','20W8K','A101','2023-09-03','15:15:27',2,1000000,''),
('SJPJD88TH','1H7FK','GILDK','C101','2023-08-13','10:01:43',1,150000,''),
('K2Z0YMOWH','30UUK','DNQRK','D101','2023-08-26','17:08:19',2,80000,''),
('0L1KSDF6H','30UUK','GILDK','A002','2023-09-10','15:15:25',1,207000,''),
('9L2MS7N0H','V28TK','GILDK','M000','2023-05-18','20:45:44',1,700000,''),
('GYX8MDYOH','30UUK','R3T7K','B001','2024-05-03','17:11:03',2,80000,''),
('8ZXJPCYZH','J0Y2K','R3T7K','D001','2023-05-07','19:27:27',1,250000,''),
('QNDJV8HOH','SYMZK','20W8K','C002','2023-11-05','13:42:31',0,900000,''),
('DSK1FVBNH','9HF1K','20W8K','D002','2023-12-28','12:31:06',2,1598000,''),
('O8T9YQKWH','WREFK','R3T7K','M000','2023-09-26','10:19:50',2,1000000,''),
('XNM2Q6R6H','IL6XK','R3T7K','B002','2023-09-28','17:09:22',2,800000,''),
('XD6E3EFIH','J0Y2K','DNQRK','D002','2023-05-22','10:11:06',2,800000,''),
('RI4436INH','TVDLK','GILDK','C102','2023-12-21','17:34:48',0,80000,''),
('YJ4QTYA9H','IKPOK','R3T7K','A101','2023-08-12','15:28:02',0,270000,''),
('DQVIVO8HH','8F5JK','DNQRK','A102','2023-04-04','17:16:11',0,370000,''),
('ANECZ6UKH','WNAOK','R3T7K','C101','2023-09-03','10:04:46',1,200000,''),
('2LSQVQ30H','V28TK','GILDK','C001','2023-12-01','12:09:29',2,80000,''),
('E8EGBBN8H','5CMFK','GILDK','A002','2023-05-18','11:32:00',2,80000,''),
('D6BMS7WCH','30UUK','GILDK','D101','2023-10-13','15:15:43',1,80000,''),
('JX3P2GY2H','GILDK','R3T7K','B101','2023-11-12','10:21:10',2,900000,''),
('ZTYIGUOWH','GVYGK','GILDK','A102','2023-05-07','20:56:38',1,550000,''),
('X5DXK2F9H','H8IVK','20W8K','C001','2023-05-24','13:38:30',1,90000,''),
('9F925H25H','7KG1K','20W8K','B002','2023-04-09','19:56:23',1,550000,''),
('YPG8WN88H','AICYK','GILDK','D102','2023-08-14','17:54:00',0,120000,''),
('KLRRMF2TH','IKPOK','20W8K','A102','2023-10-19','15:04:16',2,700000,''),
('SOZX492RH','SYMZK','R3T7K','B101','2023-10-10','19:21:59',1,878000,''),
('R4PWG56RH','ON4BK','GILDK','B001','2023-10-07','12:21:17',2,80000,''),
('12T0NQAJH','30UUK','20W8K','A102','2023-05-16','11:18:25',1,80000,''),
('7EM8LYW4H','6ENMK','GILDK','A002','2023-09-26','17:53:48',0,800000,''),
('MQKQSFAYH','3IDWK','GILDK','B101','2023-08-10','12:42:23',2,550000,''),
('XYQ27L1PH','UIZWK','DNQRK','D101','2023-09-05','17:24:02',0,80000,''),
('P9ZTVCFBH','UIZWK','GILDK','C002','2023-06-05','18:21:57',0,119000,''),
('NQ0ZX3G3H','EVCHK','DNQRK','D001','2023-09-10','14:23:40',2,80000,''),
('HVK0VP9WH','30UUK','GILDK','B101','2023-12-26','19:14:45',0,70000,''),
('15DY9ILVH','7ABEK','DNQRK','A102','2023-04-10','16:00:24',1,250000,''),
('N7TL8CJKH','GILDK','20W8K','A001','2023-09-08','19:17:50',1,70000,''),
('KIDCPLB3H','GVYGK','DNQRK','C001','2023-06-30','11:13:19',2,550000,''),
('SXUMBA49H','6ENMK','20W8K','C101','2023-11-15','12:14:24',0,530000,''),
('9D209QCFH','UIZWK','20W8K','B101','2023-12-10','13:32:57',0,800000,''),
('EEM0K45FH','GGQ5K','GILDK','C102','2023-12-08','15:10:50',1,140000,''),
('M9QMM7HQH','80EQK','GILDK','D102','2023-05-14','20:59:31',1,500000,''),
('4JGMY9UMH','4XZOK','R3T7K','C101','2023-08-16','19:21:57',2,900000,''),
('CUM4KTL3H','Z6ERK','GILDK','B002','2023-09-23','15:18:04',0,1500000,''),
('F77K9KTXH','ON4BK','R3T7K','C001','2023-09-13','13:10:55',2,80000,''),
('1OABURWBH','5CMFK','20W8K','M000','2023-09-05','20:37:25',2,80000,''),
('6L5ZK0RFH','ZHFHK','R3T7K','C101','2023-12-30','17:41:51',1,80000,''),
('T9XZSA52H','GVYGK','DNQRK','B002','2023-11-07','19:10:16',1,800000,''),
('YWGPA6RTH','EI4JK','DNQRK','B001','2023-09-19','11:05:39',2,550000,''),
('0SUJ8T1UH','ITE5K','GILDK','C001','2023-04-04','11:31:03',0,70000,''),
('8K88XVTPH','V28TK','R3T7K','C101','2023-04-19','17:45:45',1,200000,''),
('P219X3F1H','IKPOK','DNQRK','M000','2023-12-14','19:04:36',1,80000,''),
('THN8LGB9H','7ABEK','R3T7K','D001','2023-04-28','20:56:44',1,1000000,''),
('4M92GIG9H','80EQK','GILDK','B002','2023-08-14','11:54:38',2,150000,''),
('IC1HB6FCH','51NEK','DNQRK','D102','2023-07-20','10:16:44',0,80000,''),
('D09HER67H','A4S2K','DNQRK','B001','2023-10-26','10:07:30',2,100000,''),
('M2Z1F3J1H','78CNK','R3T7K','D001','2023-08-17','12:45:41',0,119000,''),
('J9EKW0JHH','EVCHK','R3T7K','M000','2023-12-17','19:54:48',1,207000,''),
('W21UC7ZXH','R3T7K','DNQRK','C102','2023-09-27','18:56:26',2,80000,''),
('CL4UG44MH','A4S2K','DNQRK','B002','2023-11-24','15:32:11',0,80000,''),
('QCPNSO3OH','GGQ5K','20W8K','A001','2023-12-29','17:44:21',2,400000,''),
('298C24PMH','A4S2K','DNQRK','A102','2023-10-10','18:04:55',2,200000,''),
('R1VM0L4PH','20W8K','GILDK','D002','2023-05-18','15:42:34',0,120000,''),
('DCZ48ZVPH','DNQRK','R3T7K','D101','2023-10-24','14:33:11',2,800000,''),
('E13UL6ZHH','YGRJK','DNQRK','C002','2023-09-04','16:18:30',1,250000,''),
('8M1C9W5HH','9HF1K','R3T7K','M000','2023-06-12','19:54:08',0,400000,''),
('5SDOISVEH','US7OK','DNQRK','C102','2023-08-15','13:34:46',0,540000,''),
('H9JPZ9PDH','OIHXK','20W8K','D001','2023-06-20','16:39:27',0,550000,''),
('OT8AA4AUH','30UUK','DNQRK','B002','2023-04-04','12:04:56',0,80000,''),
('CNOOU2QQH','7ABEK','DNQRK','B102','2023-11-30','16:10:08',2,1000000,''),
('HR8QWGGVH','YGRJK','DNQRK','D001','2023-05-09','20:44:19',0,360000,''),
('FZNLWJR9H','EVCHK','R3T7K','D102','2023-05-14','13:10:35',1,550000,''),
('6YYPX4GBH','20W8K','20W8K','D001','2023-11-03','13:46:19',0,119000,''),
('RSM5EHUOH','VF5LK','GILDK','C002','2023-05-14','13:52:14',1,80000,''),
('T3IIA9RIH','1H7FK','GILDK','C101','2023-10-30','16:31:35',0,700000,''),
('NN4LQY83H','Z6ERK','DNQRK','C002','2023-07-09','17:28:23',1,80000,''),
('5PR5EA2MH','NLZIK','R3T7K','A002','2023-07-09','12:03:54',1,80000,''),
('L78D3KR8H','R3T7K','R3T7K','B002','2023-12-13','14:58:14',1,400000,''),
('E813BJ87H','GY2KK','20W8K','D002','2023-10-26','18:41:31',0,70000,''),
('GPCKA4U2H','WREFK','GILDK','D102','2023-12-28','16:08:48',0,250000,''),
('UT9ZZYKTH','ITE5K','20W8K','C101','2023-10-17','13:09:41',2,70000,''),
('A56CAOOCH','TVDLK','R3T7K','D101','2023-09-14','16:53:17',2,200000,''),
('65HS6E1VH','6ENMK','20W8K','D002','2023-07-21','14:40:14',1,550000,''),
('QTZY8SMQH','GILDK','GILDK','B101','2023-09-20','16:27:17',1,140000,''),
('NFSKK2IPH','79Z9K','20W8K','C101','2023-07-14','18:57:34',2,500000,''),
('XI2FM572H','IL6XK','R3T7K','B102','2023-08-24','16:50:31',2,300000,''),
('B9OEWC6PH','SYMZK','R3T7K','A101','2023-11-11','14:13:25',1,540000,''),
('1OIG9WURH','79Z9K','20W8K','M000','2023-06-23','17:26:22',2,100000,''),
('TQZ55D2DH','FUEQK','GILDK','A102','2023-09-07','20:05:41',0,550000,''),
('X24XMWIUH','TVDLK','R3T7K','A002','2023-06-05','17:01:03',2,200000,''),
('W6W9EI3KH','GVYGK','R3T7K','C001','2023-04-29','19:57:48',2,80000,''),
('JDT6TCPBH','GY2KK','20W8K','A001','2023-10-03','10:19:17',2,1100000,''),
('YKW6FC77H','A4S2K','DNQRK','D001','2023-11-06','18:49:12',1,148000,''),
('HKR4HIDEH','30UUK','DNQRK','A102','2023-11-13','13:36:57',1,155000,''),
('FYTCAVNLH','EI4JK','GILDK','D002','2023-07-11','10:28:34',0,460000,''),
('WPV2U5UUH','4O6TK','20W8K','A001','2023-05-04','11:33:14',2,1000000,''),
('M39BAMOUH','VF5LK','R3T7K','C101','2023-06-19','11:46:36',2,320000,''),
('9Y2309DBH','GY2KK','GILDK','D002','2023-04-18','14:16:19',2,150000,''),
('9O14SNADH','FUEQK','20W8K','C001','2023-12-13','16:58:56',1,100000,''),
('7LJ0QENLH','9HF1K','20W8K','C102','2023-07-03','13:52:01',2,360000,''),
('Z6ROICE2H','GGQ5K','GILDK','C001','2023-04-17','17:37:19',1,700000,''),
('J9CL2UUXH','TS3HK','R3T7K','B001','2023-06-12','11:12:23',0,250000,''),
('MU2GEZB9H','1H7FK','20W8K','D101','2023-06-30','11:05:56',0,200000,''),
('26EZCYE5H','5CMFK','R3T7K','C102','2023-06-27','19:01:18',0,900000,''),
('LQD4RY27H','4O6TK','DNQRK','D102','2023-10-12','16:06:17',0,550000,''),
('J8VTKZKMH','51NEK','20W8K','C102','2023-12-22','15:45:23',2,70000,''),
('1WO6LHHAH','6ENMK','20W8K','B101','2023-07-03','18:11:10',2,530000,''),
('4RVM8PZVH','5CMFK','R3T7K','D001','2023-08-19','18:42:30',1,1050000,''),
('5HAMQZFXH','79Z9K','R3T7K','A102','2023-06-24','13:32:27',1,500000,''),
('156FESZDH','AWQGK','20W8K','B002','2023-09-14','17:29:54',2,250000,''),
('V18QJHTEH','9HF1K','DNQRK','D002','2023-05-11','11:41:04',2,878000,''),
('JD9ACQ94H','FUEQK','GILDK','B101','2023-09-01','18:55:34',2,270000,''),
('J9YDY86BH','80EQK','20W8K','B102','2023-06-04','20:11:34',0,80000,''),
('Q1EQKC6MH','1H7FK','20W8K','A102','2023-10-13','16:10:10',0,540000,''),
('1S0GRIMXH','LUK7K','DNQRK','A001','2023-06-20','18:38:07',1,80000,''),
('Y5CN0FUKH','DNQRK','20W8K','A101','2023-09-01','19:33:47',1,800000,''),
('6C6E4WOXH','1H7FK','R3T7K','B102','2023-07-29','19:14:48',1,80000,''),
('56ASDD3HH','YGRJK','20W8K','D002','2023-11-20','19:04:16',1,1100000,''),
('HXIU02MAH','J0Y2K','R3T7K','A102','2023-08-25','20:20:40',2,320000,''),
('XAO35SKKH','GGQ5K','GILDK','A101','2023-10-10','20:12:24',2,700000,''),
('G3TIF1RFH','GY2KK','20W8K','B102','2023-06-13','16:22:25',0,80000,''),
('DCLUI4TUH','NLZIK','R3T7K','C101','2023-07-24','12:46:21',0,250000,''),
('C5GD6AUEH','7ABEK','DNQRK','A002','2023-07-17','16:54:50',2,200000,''),
('Z5R3HV2MH','4XZOK','GILDK','C002','2023-11-04','17:08:55',1,70000,''),
('WZLJTUBPH','ON4BK','20W8K','M000','2023-05-09','10:37:26',1,200000,''),
('FDQXQ223H','FUEQK','GILDK','A102','2023-10-28','10:29:13',0,1598000,''),
('Q409MHOGH','WNAOK','GILDK','C101','2023-05-29','18:23:50',1,530000,''),
('IPTJKX7SH','7KG1K','R3T7K','D102','2023-11-20','11:49:04',1,800000,''),
('J98SSKBRH','3IDWK','R3T7K','A101','2023-08-13','19:04:19',2,1050000,''),
('3073T6X6H','AWQGK','R3T7K','M000','2023-07-05','20:55:47',2,140000,''),
('DXMN429PH','IKPOK','20W8K','M000','2023-05-15','11:08:57',0,800000,''),
('LFAEB1FRH','AICYK','DNQRK','D101','2023-09-05','20:26:43',1,250000,''),
('F7OQ4JKGH','3IDWK','R3T7K','A102','2023-11-13','18:26:21',2,550000,''),
('2JGWJUWLH','6ENMK','DNQRK','C001','2023-11-03','20:45:00',1,320000,''),
('1WGWKUYRH','ITE5K','20W8K','B002','2023-09-30','17:19:22',0,150000,''),
('ASHNJ7PCH','AWQGK','20W8K','D002','2024-02-16','13:45:34',2,80000,''),
('VPXVSGC4H','WREFK','R3T7K','C101','2023-12-05','15:51:47',2,360000,''),
('NGUUWMF0H','7ABEK','20W8K','M000','2023-12-29','15:11:28',2,119000,''),
('SYMOVSGVH','4XZOK','R3T7K','A101','2023-04-07','20:01:23',0,207000,''),
('J6QLC775H','9HF1K','R3T7K','B102','2023-11-18','17:25:30',0,80000,''),
('3EA36A2UH','80EQK','DNQRK','B001','2023-12-28','12:43:21',2,700000,''),
('ULJE9D4XH','7ABEK','GILDK','D101','2023-08-23','11:16:16',1,80000,''),
('MQ4UUAQCH','WNAOK','GILDK','C002','2023-11-01','14:13:21',1,800000,''),
('JCMW002PH','IKPOK','R3T7K','C101','2023-07-29','12:51:00',2,100000,''),
('JZ0SLM3SH','UIZWK','R3T7K','C001','2023-10-22','12:51:57',1,90000,''),
('514JJCVGH','YGRJK','20W8K','D001','2024-05-02','14:59:27',2,80000,''),
('C28VCMK3H','78CNK','R3T7K','D102','2023-10-10','17:09:52',1,1050000,''),
('X8U4YG43H','79Z9K','GILDK','B001','2023-12-08','20:37:20',0,120000,''),
('T35JMMLAH','78CNK','DNQRK','B101','2023-10-26','17:50:41',1,300000,''),
('XMY3GG3GH','AICYK','20W8K','D001','2023-05-15','17:28:19',2,1500000,''),
('QFT71GM6H','GILDK','R3T7K','B001','2023-07-27','12:46:14',0,700000,''),
('O74N193YH','WREFK','DNQRK','C002','2023-07-01','14:39:03',2,80000,''),
('6B0PGM30H','EVCHK','DNQRK','B102','2023-09-17','11:32:36',0,80000,''),
('R880XRWQH','OIHXK','GILDK','A001','2023-04-16','18:28:00',2,540000,''),
('ENNSX7BNH','VF5LK','DNQRK','A102','2024-04-26','19:44:24',0,80000,''),
('Q95PR7IYH','A4S2K','DNQRK','A001','2023-08-27','19:47:36',1,100000,''),
('SA6FQOAEH','UIZWK','GILDK','C001','2023-09-10','14:18:03',0,370000,''),
('M3Q3IWJ7H','ON4BK','20W8K','C001','2023-06-10','15:13:19',1,80000,''),
('KOJOVLB9H','7ABEK','R3T7K','A101','2023-07-26','15:37:00',1,80000,''),
('9N8HQOJTH','AICYK','20W8K','M000','2023-08-14','12:35:14',0,1100000,''),
('ZKIXVRAZH','GVYGK','R3T7K','B101','2023-04-19','14:25:04',2,155000,''),
('MIF4RIE4H','TS3HK','GILDK','D002','2023-12-13','18:38:28',2,80000,''),
('Z8ECX4CGH','YGRJK','GILDK','A002','2023-05-10','16:39:09',2,1000000,''),
('86FDP3X8H','UIZWK','GILDK','A001','2023-07-25','20:03:16',2,320000,''),
('T6E8NVL3H','ZHFHK','DNQRK','C101','2023-09-12','17:40:53',2,150000,''),
('NTBMFHS1H','Z6ERK','DNQRK','A102','2023-06-25','11:29:42',2,80000,''),
('IERSKG54H','A4S2K','20W8K','D101','2023-10-25','18:11:07',2,550000,''),
('HCYZM6KTH','V28TK','R3T7K','D102','2023-06-19','13:23:55',2,70000,''),
('VHKUEGREH','XU7IK','DNQRK','D002','2024-04-01','18:36:19',2,80000,''),
('WKYE3ZA1H','H8IVK','R3T7K','D102','2023-12-15','11:47:05',2,70000,''),
('NN4KLEXNH','TS3HK','GILDK','C101','2023-12-04','14:19:42',2,1000000,''),
('AJ0K6WQRH','Z6ERK','20W8K','A002','2023-07-20','15:09:24',2,800000,''),
('JR1868XCH','Z6ERK','20W8K','C102','2023-09-28','19:06:06',2,1050000,''),
('XN69R1BSH','8F5JK','20W8K','M000','2023-10-16','19:01:11',2,140000,''),
('B7L8C9HQH','AWQGK','GILDK','A101','2023-10-10','15:55:33',0,300000,''),
('T6T4PGHAH','78CNK','20W8K','D001','2023-10-22','14:08:02',1,800000,''),
('3H4L8C4PH','GY2KK','DNQRK','D001','2023-12-06','14:35:04',1,700000,''),
('02X8IY5IH','1H7FK','R3T7K','C101','2023-05-16','17:43:46',1,400000,''),
('HIJ9LSOJH','80EQK','GILDK','A001','2024-03-28','13:47:03',0,878000,''),
('JLOAO2WQH','7KG1K','R3T7K','D001','2024-05-02','15:20:24',0,80000,''),
('G6FJ6ZU8H','GVYGK','20W8K','D001','2023-12-25','17:37:32',2,100000,''),
('D5IJMJI5H','79Z9K','DNQRK','A101','2023-05-17','15:22:10',0,800000,''),
('BKXG7IYLH','Z6ERK','DNQRK','C102','2023-12-06','11:59:08',2,550000,''),
('2VCXY4B7H','78CNK','DNQRK','A102','2024-04-23','20:55:06',0,200000,''),
('FH2LTWMSH','EVCHK','DNQRK','B002','2023-09-20','16:40:04',2,155000,''),
('YK5PKF6AH','TVDLK','20W8K','B102','2023-09-17','20:57:57',2,460000,''),
('CT8DFPT7H','FUEQK','DNQRK','D102','2023-05-22','10:57:17',0,80000,''),
('H3QKW7KIH','79Z9K','R3T7K','D001','2023-04-03','16:41:06',0,80000,''),
('4KEFQ6MPH','AWQGK','20W8K','D102','2023-11-21','20:18:01',2,80000,''),
('8ESWMJBXH','9HF1K','R3T7K','D102','2023-05-27','19:50:25',1,200000,''),
('ZCUF581ZH','R3T7K','20W8K','C002','2023-11-30','12:26:22',1,900000,''),
('X4EZFB51H','20W8K','DNQRK','B002','2023-12-05','14:01:55',1,200000,''),
('AWU9B1TGH','FUEQK','R3T7K','C002','2023-06-13','12:26:34',2,80000,''),
('HTEA76V7H','AICYK','20W8K','M000','2023-06-22','17:45:25',0,1000000,''),
('23VUMFN6H','EVCHK','20W8K','C001','2023-05-04','14:17:43',0,530000,''),
('SORW2XK7H','NLZIK','R3T7K','A001','2023-08-22','13:53:40',1,800000,''),
('J0WZYBW7H','4XZOK','DNQRK','C102','2023-07-26','15:17:34',2,500000,''),
('TO8L3021H','SYMZK','20W8K','A002','2023-11-01','16:56:13',1,300000,''),
('IG6LPKO4H','5XB3K','R3T7K','B002','2023-07-15','13:46:05',2,800000,''),
('JYQXK6NUH','EI4JK','GILDK','C102','2023-04-15','19:13:12',2,250000,''),
('JG1GJ6I0H','J0Y2K','R3T7K','C002','2023-09-11','17:38:53',2,400000,''),
('GYB8HBC1H','EI4JK','R3T7K','B102','2023-08-25','11:56:09',0,80000,''),
('V0NW08S8H','7ABEK','DNQRK','A001','2024-02-14','11:34:38',1,550000,''),
('L2PAU9XWH','J2YWK','GILDK','A001','2024-02-26','10:23:12',1,148000,''),
('ANCW9VRLH','TVDLK','20W8K','A001','2024-03-30','19:15:59',2,140000,''),
('7FE0JQXHH','20W8K','R3T7K','A101','2024-02-05','11:38:15',0,90000,''),
('VZBTS13LH','Z6ERK','20W8K','D102','2024-02-02','13:13:27',2,400000,''),
('Y34RRIGHH','H8IVK','R3T7K','C001','2024-03-28','15:14:41',0,550000,''),
('BO739P29H','3IDWK','20W8K','A102','2024-02-24','14:24:58',0,370000,''),
('JBYU31Z5H','3IDWK','GY2KK','B102','2024-02-25','15:08:43',2,80000,''),
('EHO58DDJH','4XZOK','GILDK','A001','2024-03-22','17:38:47',1,700000,''),
('U08F194YH','NLZIK','20W8K','D002','2024-02-25','12:47:04',1,530000,''),
('97Z4S4IFH','ZHFHK','R3T7K','A101','2024-03-11','16:32:27',1,80000,''),
('6BKQCIS7H','7ABEK','R3T7K','C002','2024-03-29','11:31:51',2,100000,''),
('E9NJ3KJ7H','J0Y2K','DNQRK','A001','2024-02-18','15:48:04',0,100000,''),
('KYIIRWIJH','ZHFHK','20W8K','D102','2024-03-18','14:53:21',1,700000,''),
('HAV5B4MKH','7KG1K','20W8K','C002','2024-03-03','15:52:47',2,80000,''),
('9I862XHLH','H8IVK','20W8K','B001','2024-01-13','17:22:47',1,370000,''),
('IAB1WV5YH','ITE5K','DNQRK','M000','2024-03-18','13:53:55',1,80000,''),
('Y1T4V9YKH','4XZOK','GILDK','C002','2024-01-04','20:54:17',1,80000,''),
('2AJCXW5JH','R3T7K','20W8K','D002','2024-03-07','15:59:22',1,80000,''),
('WCJUMMFXH','IL6XK','GILDK','A101','2024-01-15','15:29:50',1,550000,''),
('R7AQUQXVH','GVYGK','GILDK','A101','2024-02-24','14:27:55',1,800000,''),
('F6HJLSZAH','YGRJK','20W8K','A102','2024-02-15','15:45:30',2,90000,''),
('UYD1NEYWH','J2YWK','20W8K','D101','2024-01-25','19:27:54',0,550000,''),
('E2ETMKMLH','VF5LK','DNQRK','D101','2024-03-10','19:17:50',1,878000,''),
('W5NX8HZLH','EI4JK','R3T7K','C002','2024-02-24','17:49:05',0,540000,''),
('NX70OW8EH','FUEQK','DNQRK','A001','2024-02-09','11:08:25',0,100000,''),
('NIAXJNKMH','VF5LK','GILDK','A101','2024-03-24','16:58:26',0,80000,''),
('JNM2LEJ4H','20W8K','DNQRK','D001','2024-01-09','12:09:58',0,80000,''),
('U6XPEBBMH','4XZOK','R3T7K','D101','2024-01-05','13:59:42',0,1000000,''),
('91OZH7HSH','DNQRK','20W8K','A102','2024-03-25','20:08:47',1,400000,''),
('3AGDJZBIH','20W8K','DNQRK','D002','2024-02-08','20:17:35',1,80000,''),
('VAOU569JH','IKPOK','20W8K','A002','2024-01-24','12:52:01',2,200000,''),
('OCGS8T9LH','8F5JK','R3T7K','D002','2024-01-22','14:40:41',0,1000000,''),
('GXYR9UELH','GGQ5K','DNQRK','D002','2024-01-23','19:44:13',2,800000,''),
('G38L7FV4H','UIZWK','20W8K','D102','2024-03-01','15:46:15',1,250000,''),
('4P4DXRRCH','R3T7K','20W8K','B001','2024-01-12','18:50:38',0,550000,''),
('1FLF0ZTKH','GGQ5K','R3T7K','A001','2024-03-22','19:10:47',2,70000,''),
('A57VATIAH','7ABEK','GILDK','C102','2024-01-19','12:37:28',2,460000,''),
('6COB8YLIH','SYMZK','GILDK','C102','2024-02-14','19:13:05',2,100000,''),
('QLXTY5YZH','LUK7K','20W8K','A002','2024-03-20','13:12:05',2,400000,''),
('GW04J9VQH','OIHXK','R3T7K','D101','2024-01-19','17:08:27',0,900000,''),
('JXKCI94KH','YGRJK','R3T7K','D002','2024-03-16','18:13:22',0,200000,''),
('G3HUCPDDH','GILDK','R3T7K','B001','2024-01-08','20:49:33',0,80000,''),
('3CYOBAVFH','51NEK','GILDK','B102','2024-03-15','15:29:54',1,900000,''),
('GHPO3O16H','DNQRK','R3T7K','A001','2024-02-03','15:26:55',2,148000,''),
('Q82KNJARH','R3T7K','20W8K','A001','2024-02-15','10:13:00',0,1000000,''),
('RMN5YDX0H','9CL0K','20W8K','A102','2024-03-14','18:42:02',2,700000,''),
('SXAHKHOJH','WREFK','20W8K','B102','2024-03-17','15:48:20',2,80000,''),
('CF5AUPR1H','20W8K','20W8K','C101','2024-02-21','18:32:06',1,70000,''),
('CKDDX3ZUH','YGRJK','20W8K','B102','2024-01-04','16:13:21',0,1050000,''),
('BH6ZW0RDH','R3T7K','GILDK','D002','2024-01-02','15:25:03',2,1500000,''),
('UY5GNTVJH','OIHXK','GILDK','A001','2024-03-27','20:06:47',1,270000,'');

INSERT INTO CHITIETHOADON VALUES
('U2THRHDBH','8JOIP',2),
('HVAMROL6H','M79AP',1),
('HVCEDOVKH','ECEMP',1),
('BQVWDMYRH','8JOIP',1),
('PATIUKGVH','Y3XDP',1),
('PATIUKGVH','SJ4AP',1),
('2GW8JRB5H','ECEMP',1),
('2GW8JRB5H','O29KP',1),
('EB1MPHSCH','VA1NP',1),
('NQZVKHFXH','269GP',1),
('NQZVKHFXH','VA1NP',1),
('68K8V69OH','AK78P',1),
('68K8V69OH','1N8RP',1),
('0X5ZUCVOH','SJ4AP',1),
('40X219EFH','1364P',1),
('AP7TSBF2H','SJ4AP',1),
('AWR00SE3H','Y6YTP',1),
('AWR00SE3H','B0PWP',1),
('DROXPNLDH','ZCM5P',1),
('C9YUMP6VH','KPLFP',1),
('VA6PBH8XH','AK78P',1),
('MXOZH3FWH','VA1NP',1),
('L1XAQ2UNH','1N8RP',1),
('AG2ZIM9JH','1364P',1),
('1HS259N3H','8JOIP',2),
('67M5VHIAH','ECEMP',1),
('FX4J6270H','AXNUP',2),
('KKCZN9WVH','ECEMP',1),
('KKCZN9WVH','O29KP',1),
('WXF0KBE5H','RZYXP',1),
('IXDJN514H','269GP',1),
('IXDJN514H','VA1NP',1),
('6KSMXIILH','OSZ1P',1),
('8NDTGGN2H','O29KP',1),
('LMYAFYMJH','AK78P',1),
('LMYAFYMJH','1N8RP',1),
('V65T61F5H','DD6TP',2),
('XU9VZIM6H','1N8RP',1),
('5LTDXEFGH','1364P',2),
('Y3SEQAZXH','RZYXP',1),
('10RW9FXDH','RZYXP',1),
('EKSD79CLH','LD5BP',1),
('Y6ZVSI4OH','H73EP',2),
('HXR1IWJNH','U0ZBP',1),
('HXR1IWJNH','WV36P',1),
('Q97ULUQHH','KPLFP',1),
('EDJHIU1CH','L1NIP',2),
('I7O5XK5ZH','ZCM5P',1),
('J26VQAG8H','VA1NP',1),
('PG0B4UE2H','8JOIP',2),
('XB09QV38H','1N8RP',1),
('FWZU692GH','UDDCP',1),
('FWZU692GH','PFJNP',1),
('N3PQQO2JH','ZDS3P',1),
('4WSO9LG3H','DD6TP',1),
('1SMOKHSYH','M79AP',1),
('MI709KM5H','ECEMP',1),
('M3OY46KMH','Y3XDP',1),
('M3OY46KMH','SJ4AP',1),
('UO9QRI8TH','O29KP',1),
('TRP0Z62TH','ZDS3P',1),
('TRP0Z62TH','F2ZLP',1),
('TRP0Z62TH','1364P',1),
('KUE1XEBVH','L1NIP',1),
('4DWYFXE8H','AK78P',1),
('4DWYFXE8H','1N8RP',1),
('9LTK2ZLIH','SJ4AP',1),
('WAAM6RRXH','1364P',1),
('YS9356R8H','SJ4AP',1),
('BZO23S6GH','1N8RP',1),
('XSC3JM4KH','HAIDP',2),
('NYEY3JZ0H','81VYP',1),
('UCD5ZWBLH','RZYXP',1),
('GFMJC6I6H','Y6YTP',1),
('GFMJC6I6H','B0PWP',1),
('WC56607HH','ZCM5P',1),
('5SMU7G5KH','H73EP',2),
('IIF0O2ERH','DD6TP',1),
('1796J1HOH','VA1NP',1),
('PNQFH6ILH','L1NIP',2),
('ARNA2EZRH','PFJNP',1),
('OWBEWROUH','UDDCP',1),
('OWBEWROUH','PFJNP',1),
('N4YZOLXRH','ZDS3P',1),
('SNLI9SO2H','8JOIP',2),
('3ICXFIK2H','UAZIP',1),
('Y0LLHIB7H','PUE9P',1),
('95D51TYKH','LD5BP',1),
('S34LY9M1H','RZYXP',1),
('MOZGXRKPH','VA1NP',1),
('3N5EE2EEH','269GP',1),
('3N5EE2EEH','VA1NP',1),
('S256S6I0H','M21HP',1),
('55FU0ZDJH','O29KP',1),
('LB9UW180H','L1NIP',1),
('6B638R6DH','0H75P',1),
('KDM34HUXH','AK78P',1),
('KDM34HUXH','1N8RP',1),
('892YLOL7H','1364P',1),
('IS0U5EZ4H','DD6TP',2),
('9M1E0L97H','81VYP',1),
('V4NHQNVEH','81VYP',1),
('V4NHQNVEH','L1NIP',1),
('KMOCH73QH','Y6YTP',1),
('KMOCH73QH','B0PWP',1),
('R77W2M88H','H73EP',2),
('2VZ0UYWRH','KPLFP',1),
('VLK6FR49H','L1NIP',2),
('Z8W2WD56H','ZCM5P',1),
('S9W0Q6EQH','1N8RP',1),
('ZN4CLY21H','ZDS3P',1),
('G6ITPNTIH','1364P',1),
('JW0QGU20H','8JOIP',2),
('G8JJMIKUH','UAZIP',1),
('9U70WRP2H','PUE9P',1),
('NNDBO8B0H','LD5BP',1),
('1N2IL87NH','269GP',1),
('1N2IL87NH','VA1NP',1),
('SG9BARWEH','AK78P',1),
('8NLDQ1M1H','AK78P',1),
('8NLDQ1M1H','1N8RP',1),
('SDWQ2S1YH','WV36P',1),
('0W5I91RJH','SJ4AP',1),
('K7QVDLC0H','8JOIP',2),
('RU9EPMHAH','HAIDP',2),
('AQLE0USGH','81VYP',1),
('FGARCB32H','RZYXP',1),
('Q0R0INVWH','Y6YTP',1),
('Q0R0INVWH','B0PWP',1),
('B7RCSS23H','ZCM5P',1),
('KULP88P8H','H73EP',2),
('7A3MSTNWH','U0ZBP',1),
('7A3MSTNWH','WV36P',1),
('LF3V1UMDH','76HXP',3),
('35UNXEOIH','RZYXP',1),
('ROJWID6BH','VA1NP',1),
('3M5QY1OSH','9N3ZP',1),
('3M5QY1OSH','U0ZBP',1),
('CZEFX1U1H','8JOIP',2),
('1VR7FCQRH','PFJNP',1),
('ZARXOLEZH','8JOIP',2),
('9885ZJP1H','8JOIP',1),
('0LNHUVDWH','UAZIP',1),
('BXW2HA52H','PUE9P',1),
('RX11MTF7H','ECEMP',1),
('RX11MTF7H','O29KP',1),
('X9B9WRJ9H','VA1NP',1),
('TIS45PKAH','M21HP',1),
('9EPOKY2RH','AK78P',1),
('2Q0CABBFH','O29KP',1),
('VNWZA8J0H','ZDS3P',1),
('VNWZA8J0H','F2ZLP',1),
('VNWZA8J0H','1364P',1),
('DY7ALIL2H','0H75P',1),
('E0PLZ72PH','AK78P',1),
('E0PLZ72PH','1N8RP',1),
('B3GAP9E9H','VA1NP',3),
('VEVUEEJSH','1364P',1),
('SGTTFZADH','8JOIP',2),
('A029T8Z7H','HAIDP',2),
('TATKW23AH','81VYP',1),
('ALXJC8ACH','81VYP',1),
('ALXJC8ACH','L1NIP',1),
('8Y0WJTRVH','L1NIP',1),
('UGET8210H','1364P',2),
('CBYXZ1IQH','RZYXP',1),
('EGXS5P9YH','Y6YTP',1),
('EGXS5P9YH','B0PWP',1),
('Y1IE1F3KH','ZCM5P',1),
('ZS2KC7HOH','H73EP',2),
('9I3Y3TYBH','DD6TP',1),
('RRM6RSS5H','U0ZBP',1),
('RRM6RSS5H','WV36P',1),
('TN4NLHCUH','76HXP',3),
('S4QJ41OMH','RZYXP',1),
('15XL2ZXKH','VA1NP',1),
('MN4450XSH','VA1NP',1),
('SFS2INXSH','Y3XDP',1),
('VPHPGYMMH','9N3ZP',1),
('VPHPGYMMH','U0ZBP',1),
('89RSVQE1H','8JOIP',2),
('RYGCOLXPH','PFJNP',1),
('HFN5VQAAH','8JOIP',2),
('RUHASPHAH','PUE9P',1),
('84MLOCPOH','DD6TP',1),
('CRS1DLKLH','ECEMP',1),
('CRS1DLKLH','O29KP',1),
('NXKPJBWVH','RZYXP',1),
('ODREBNN1H','269GP',1),
('ODREBNN1H','VA1NP',1),
('VJJBR2G2H','OSZ1P',1),
('9VIEX198H','M21HP',1),
('3K9Z6PSJH','O29KP',1),
('YOL28OIVH','FNU1P',2),
('WPNXEI7QH','AK78P',1),
('WPNXEI7QH','1N8RP',1),
('J521CO9EH','SJ4AP',1),
('5PH5N8ZBH','81VYP',1),
('5PH5N8ZBH','L1NIP',1),
('62NAIARGH','L1NIP',1),
('9MZ5JP1FH','KPLFP',1),
('EOTAHMXYH','ZCM5P',1),
('ON0R5QRFH','8JOIP',2),
('H1M2B502H','1N8RP',1),
('CIC5UCE6H','PFJNP',1),
('M20CMU5EH','M79AP',1),
('ICXTJ7NEH','8JOIP',1),
('TTNKENRGH','UAZIP',1),
('NZOBAGXSH','LD5BP',1),
('S1UFHM3JH','RZYXP',1),
('C52KEHY1H','M21HP',1),
('I79E5JSPH','ZDS3P',1),
('I79E5JSPH','F2ZLP',1),
('I79E5JSPH','1364P',1),
('5IK09TPSH','FNU1P',2),
('M6HVUQX6H','VA1NP',1),
('EWFXALAWH','0H75P',1),
('EHMX9NCDH','SJ4AP',1),
('S69TVOYEH','1N8RP',1),
('EBUTF472H','HAIDP',2),
('G93P86B1H','81VYP',1),
('G93P86B1H','L1NIP',1),
('ZYUSC8Y3H','L1NIP',1),
('KI1MI0DYH','LD5BP',1),
('P7WVE1YXH','KPLFP',1),
('7NVDYNILH','RZYXP',1),
('XYRT1W54H','VA1NP',1),
('IBWMPWKMH','ZCM5P',1),
('RRB3V7GXH','8JOIP',2),
('RZI20VUNH','PFJNP',1),
('P4LPU2O9H','1364P',1),
('BNJZ2K06H','AXNUP',2),
('SVFC28AKH','DD6TP',1),
('0H2OAJHOH','AK78P',1),
('689P0NYYH','WV36P',1),
('YQEHILY1H','DD6TP',2),
('N744I3OOH','1N8RP',1),
('C7OM33B7H','L1NIP',1),
('JTEDNSS1H','RZYXP',1),
('KYH6ISSHH','LD5BP',1),
('HLBAJWLJH','ZCM5P',1),
('7B7MI9PIH','9N3ZP',1),
('7B7MI9PIH','U0ZBP',1),
('5N5CRSRXH','PFJNP',1),
('ML3POYP6H','UDDCP',1),
('ML3POYP6H','PFJNP',1),
('N4S2YBS2H','ECEMP',1),
('KX3IN3HYH','LD5BP',1),
('FQEPVFPNH','RZYXP',1),
('RVS6989BH','269GP',1),
('RVS6989BH','VA1NP',1),
('AU4EVUPUH','HAIDP',2),
('HYFMA4JUH','81VYP',1),
('HYFMA4JUH','L1NIP',1),
('S9WWAX7WH','E2CEP',1),
('25BMHUQNH','U0ZBP',1),
('25BMHUQNH','WV36P',1),
('U4ESODNQH','KPLFP',1),
('MXCW8T1JH','VA1NP',1),
('A1F7LHAXH','9N3ZP',1),
('A1F7LHAXH','U0ZBP',1),
('OHK7T9LGH','PFJNP',1),
('NJH29DC3H','UDDCP',1),
('NJH29DC3H','PFJNP',1),
('4YOXQ63MH','1364P',1),
('HGSHEJ7EH','DD6TP',1),
('TAOE429PH','8JOIP',2),
('KGPEL4LHH','UAZIP',1),
('OZTC9IYKH','0H75P',1),
('R8T2DGAZH','AK78P',1),
('R8T2DGAZH','1N8RP',1),
('1YA9EZ9GH','DD6TP',2),
('PN6DVD2KH','HAIDP',2),
('9F46EGE7H','81VYP',1),
('FPCP1QQRH','81VYP',1),
('FPCP1QQRH','L1NIP',1),
('XS9GLQ58H','1364P',2),
('NZAB8GE3H','RZYXP',1),
('59NKQZAHH','Y6YTP',1),
('59NKQZAHH','B0PWP',1),
('1Z723O49H','ZCM5P',1),
('CBU0P6F7H','LD5BP',1),
('DTFWGNPEH','L1NIP',2),
('NE7EMDC5H','AK78P',1),
('OJ08SMO4H','ZCM5P',1),
('VWY0RZ2PH','VA1NP',1),
('FGLD3Z4GH','9N3ZP',1),
('FGLD3Z4GH','U0ZBP',1),
('CO0KCI3HH','1N8RP',1),
('8ZLYT78MH','M79AP',1),
('ND2MCHRMH','76HXP',1),
('ND2MCHRMH','O29KP',1),
('HUWH8OCKH','UAZIP',1),
('DJU7MUUPH','PUE9P',1),
('1OC883LGH','Y3XDP',1),
('1OC883LGH','SJ4AP',1),
('CIMTMTDIH','ECEMP',1),
('CIMTMTDIH','O29KP',1),
('GTAFYXTBH','VA1NP',1),
('5K7UNJ76H','M21HP',1),
('RBEBS95FH','AK78P',1),
('FG6L2659H','ZDS3P',1),
('FG6L2659H','F2ZLP',1),
('FG6L2659H','1364P',1),
('4AUYA6AEH','FNU1P',2),
('XJJYITGDH','L1NIP',1),
('XMX6KY7QH','VA1NP',1),
('MRUQAEYQH','VA1NP',3),
('3V2WATV0H','WV36P',1),
('ILRUHDH6H','81VYP',1),
('ILRUHDH6H','L1NIP',1),
('FV0DY2IHH','E2CEP',1),
('WTSXD8ZXH','H73EP',2),
('FLSA51RBH','DD6TP',1),
('JI1UK74DH','KPLFP',1),
('RJFH3XB8H','VA1NP',1),
('ADN7BE7XH','ZCM5P',1),
('TIUJMAA1H','VA1NP',1),
('6EVZGEDNH','Y3XDP',1),
('LNWAHX0TH','8JOIP',2),
('OLZ373DOH','1N8RP',1),
('O232M20KH','DD6TP',1),
('W5YQEH9UH','AXNUP',2),
('LH3VRP1ZH','UAZIP',1),
('MEXXTSTHH','O29KP',1),
('YQU0XL9HH','FNU1P',2),
('S8I0NNTQH','VA1NP',3),
('WTZU39U2H','1364P',1),
('BU7T8H53H','DD6TP',2),
('WC356AT4H','8JOIP',2),
('IOIAV42UH','HAIDP',2),
('BR7QFI21H','81VYP',1),
('52FDO6YDH','81VYP',1),
('52FDO6YDH','L1NIP',1),
('PN2JHL4ZH','1364P',2),
('W31WKU57H','RZYXP',1),
('PIGZV8NDH','RZYXP',1),
('ZRUO5PGKH','ZCM5P',1),
('ZPL9KBEKH','LD5BP',1),
('SZ1LVEMCH','H73EP',2),
('0AW1BJAIH','DD6TP',1),
('MTTWBAWRH','KPLFP',1),
('ANCW9VRLH','L1NIP',2),
('JZIF0JAOH','ZCM5P',1),
('UT7DSPZ3H','Y3XDP',1),
('SN2ZYCE7H','8JOIP',2),
('B5VYENREH','UDDCP',1),
('B5VYENREH','PFJNP',1),
('WDV4REGPH','M79AP',1),
('SECX3MWFH','8JOIP',1),
('U1MGIWEOH','UAZIP',1),
('JS04TL4AH','PUE9P',1),
('Y04BP4Z8H','269GP',1),
('Y04BP4Z8H','VA1NP',1),
('CFNTA7YNH','O29KP',1),
('U3RVRV37H','FNU1P',2),
('X05KCX7NH','VA1NP',3),
('3N3EF5FDH','1364P',1),
('CK5N7WRXH','DD6TP',2),
('B2WPC82WH','1N8RP',1),
('IEJ6HGP7H','L1NIP',1),
('86IBUFI8H','Y6YTP',1),
('86IBUFI8H','B0PWP',1),
('I9Q2JDIRH','ZCM5P',1),
('JVBDKCK1H','DD6TP',1),
('COU6WCQSH','RZYXP',1),
('3RMP3IZIH','AK78P',1),
('76OLJ5Q7H','VA1NP',1),
('5DL948OKH','PFJNP',1),
('2EH3VGQ7H','M79AP',1),
('QTRO7YQQH','ECEMP',1),
('UFCKA169H','8JOIP',1),
('7FE0JQXHH','UAZIP',1),
('2OFO4JHOH','DD6TP',1),
('LSL6J0FJH','ECEMP',1),
('LSL6J0FJH','O29KP',1),
('L2PAU9XWH','269GP',1),
('L2PAU9XWH','VA1NP',1),
('978CM9HLH','O29KP',1),
('H9BXHGWTH','ZDS3P',1),
('H9BXHGWTH','F2ZLP',1),
('H9BXHGWTH','1364P',1),
('WPH4HUHMH','FNU1P',2),
('FAKXQNEVH','L1NIP',1),
('MK65NXZPH','VA1NP',1),
('972FNY7YH','SJ4AP',1),
('1UWQO48FH','1364P',1),
('605OHILUH','DD6TP',2),
('XU660YHQH','1N8RP',1),
('480NMC9IH','L1NIP',1),
('FQVUVN2ZH','1364P',2),
('TOXDUQVYH','ZCM5P',1),
('V0NW08S8H','DD6TP',1),
('VZBTS13LH','KPLFP',1),
('K86PUVYTH','ZCM5P',1),
('BP21AQN0H','1N8RP',1),
('KVTYJKCCH','PFJNP',1),
('RUQQC22FH','UDDCP',1),
('RUQQC22FH','PFJNP',1),
('B4A3UMIZH','8JOIP',2),
('SJPJD88TH','AXNUP',2),
('9L2MS7N0H','PUE9P',1),
('BB02FDSWH','DD6TP',1),
('B2Z3HS18H','RZYXP',1),
('K2Z0YMOWH','OSZ1P',1),
('O8T9YQKWH','AK78P',1),
('0L1KSDF6H','VA1NP',3),
('DPOGH1N2H','SJ4AP',1),
('DSK1FVBNH','HAIDP',2),
('Y34RRIGHH','81VYP',1),
('Y34RRIGHH','L1NIP',1),
('ODDEH1BHH','RZYXP',1),
('RI4436INH','RZYXP',1),
('XNM2Q6R6H','H73EP',2),
('XD6E3EFIH','AK78P',1),
('M6J8BE3NH','ZCM5P',1),
('8ZXJPCYZH','Y3XDP',1),
('QNDJV8HOH','8JOIP',2),
('GYX8MDYOH','1N8RP',1),
('YJ4QTYA9H','UDDCP',1),
('YJ4QTYA9H','PFJNP',1),
('KLRRMF2TH','ECEMP',1),
('X5DXK2F9H','UAZIP',1),
('DQVIVO8HH','Y3XDP',1),
('DQVIVO8HH','SJ4AP',1),
('E8EGBBN8H','M21HP',1),
('2LSQVQ30H','VA1NP',1),
('SOZX492RH','AK78P',1),
('SOZX492RH','1N8RP',1),
('9F925H25H','81VYP',1),
('9F925H25H','L1NIP',1),
('D6BMS7WCH','L1NIP',1),
('R4PWG56RH','RZYXP',1),
('ANECZ6UKH','E2CEP',1),
('ZTYIGUOWH','DD6TP',1),
('JX3P2GY2H','8JOIP',2),
('YPG8WN88H','ZDS3P',1),
('SXUMBA49H','DD6TP',1),
('P9ZTVCFBH','M79AP',1),
('M9QMM7HQH','8JOIP',1),
('BO739P29H','Y3XDP',1),
('BO739P29H','SJ4AP',1),
('XYQ27L1PH','RZYXP',1),
('N7TL8CJKH','VA1NP',1),
('MQKQSFAYH','ZDS3P',1),
('MQKQSFAYH','F2ZLP',1),
('MQKQSFAYH','1364P',1),
('NQ0ZX3G3H','L1NIP',1),
('JBYU31Z5H','0H75P',1),
('4JGMY9UMH','8JOIP',2),
('KIDCPLB3H','81VYP',1),
('KIDCPLB3H','L1NIP',1),
('7EM8LYW4H','1364P',2),
('F77K9KTXH','RZYXP',1),
('12T0NQAJH','ZCM5P',1),
('9D209QCFH','H73EP',2),
('CUM4KTL3H','76HXP',3),
('EEM0K45FH','L1NIP',2),
('HVK0VP9WH','VA1NP',1),
('15DY9ILVH','Y3XDP',1),
('U08F194YH','DD6TP',1),
('THN8LGB9H','8JOIP',2),
('M2Z1F3J1H','M79AP',1),
('4M92GIG9H','AXNUP',2),
('EHO58DDJH','PUE9P',1),
('P219X3F1H','RZYXP',1),
('CL4UG44MH','M21HP',1),
('1OABURWBH','O29KP',1),
('YWGPA6RTH','ZDS3P',1),
('YWGPA6RTH','F2ZLP',1),
('YWGPA6RTH','1364P',1),
('W21UC7ZXH','L1NIP',1),
('IC1HB6FCH','VA1NP',1),
('J9EKW0JHH','VA1NP',3),
('QCPNSO3OH','1364P',1),
('E13UL6ZHH','WV36P',1),
('T9XZSA52H','1364P',2),
('6L5ZK0RFH','ZCM5P',1),
('8K88XVTPH','E2CEP',1),
('8M1C9W5HH','KPLFP',1),
('D09HER67H','RZYXP',1),
('0SUJ8T1UH','VA1NP',1),
('DCZ48ZVPH','AK78P',1),
('298C24PMH','PFJNP',1),
('R1VM0L4PH','ZDS3P',1),
('CNOOU2QQH','8JOIP',2),
('6YYPX4GBH','M79AP',1),
('FZNLWJR9H','76HXP',1),
('FZNLWJR9H','O29KP',1),
('NFSKK2IPH','8JOIP',1),
('T3IIA9RIH','PUE9P',1),
('5SDOISVEH','DD6TP',1),
('UT9ZZYKTH','VA1NP',1),
('NN4LQY83H','M21HP',1),
('97Z4S4IFH','O29KP',1),
('H9JPZ9PDH','ZDS3P',1),
('H9JPZ9PDH','F2ZLP',1),
('H9JPZ9PDH','1364P',1),
('HR8QWGGVH','FNU1P',2),
('RSM5EHUOH','L1NIP',1),
('OT8AA4AUH','0H75P',1),
('A56CAOOCH','SJ4AP',1),
('L78D3KR8H','1364P',1),
('65HS6E1VH','81VYP',1),
('65HS6E1VH','L1NIP',1),
('6BKQCIS7H','RZYXP',1),
('QTZY8SMQH','L1NIP',2),
('E813BJ87H','VA1NP',1),
('GPCKA4U2H','Y3XDP',1),
('XI2FM572H','9N3ZP',1),
('XI2FM572H','U0ZBP',1),
('5PR5EA2MH','1N8RP',1),
('1WO6LHHAH','DD6TP',1),
('WPV2U5UUH','8JOIP',2),
('KYIIRWIJH','ECEMP',1),
('9Y2309DBH','AXNUP',2),
('5HAMQZFXH','8JOIP',1),
('Z6ROICE2H','PUE9P',1),
('B9OEWC6PH','DD6TP',1),
('E9NJ3KJ7H','LD5BP',1),
('W6W9EI3KH','RZYXP',1),
('J8VTKZKMH','VA1NP',1),
('YKW6FC77H','269GP',1),
('YKW6FC77H','VA1NP',1),
('TQZ55D2DH','ZDS3P',1),
('TQZ55D2DH','F2ZLP',1),
('TQZ55D2DH','1364P',1),
('7LJ0QENLH','FNU1P',2),
('V18QJHTEH','AK78P',1),
('V18QJHTEH','1N8RP',1),
('156FESZDH','WV36P',1),
('JDT6TCPBH','DD6TP',2),
('HKR4HIDEH','SJ4AP',1),
('FYTCAVNLH','81VYP',1),
('1OIG9WURH','RZYXP',1),
('HAV5B4MKH','RZYXP',1),
('4RVM8PZVH','Y6YTP',1),
('4RVM8PZVH','B0PWP',1),
('X24XMWIUH','E2CEP',1),
('LQD4RY27H','DD6TP',1),
('M39BAMOUH','U0ZBP',1),
('M39BAMOUH','WV36P',1),
('9O14SNADH','RZYXP',1),
('J9CL2UUXH','Y3XDP',1),
('26EZCYE5H','8JOIP',2),
('MU2GEZB9H','PFJNP',1),
('JD9ACQ94H','UDDCP',1),
('JD9ACQ94H','PFJNP',1),
('Q409MHOGH','DD6TP',1),
('WCJUMMFXH','76HXP',1),
('WCJUMMFXH','O29KP',1),
('F6HJLSZAH','UAZIP',1),
('XAO35SKKH','PUE9P',1),
('Q1EQKC6MH','DD6TP',1),
('9I862XHLH','Y3XDP',1),
('9I862XHLH','SJ4AP',1),
('R7AQUQXVH','ECEMP',1),
('R7AQUQXVH','O29KP',1),
('6C6E4WOXH','RZYXP',1),
('Z5R3HV2MH','VA1NP',1),
('2AJCXW5JH','OSZ1P',1),
('J9YDY86BH','O29KP',1),
('Y1T4V9YKH','VA1NP',1),
('E2ETMKMLH','AK78P',1),
('E2ETMKMLH','1N8RP',1),
('WZLJTUBPH','SJ4AP',1),
('LFAEB1FRH','WV36P',1),
('56ASDD3HH','DD6TP',2),
('FDQXQ223H','HAIDP',2),
('UYD1NEYWH','81VYP',1),
('UYD1NEYWH','L1NIP',1),
('Y5CN0FUKH','1364P',2),
('J98SSKBRH','Y6YTP',1),
('J98SSKBRH','B0PWP',1),
('1S0GRIMXH','ZCM5P',1),
('IPTJKX7SH','H73EP',2),
('HXIU02MAH','U0ZBP',1),
('HXIU02MAH','WV36P',1),
('3073T6X6H','L1NIP',2),
('DXMN429PH','AK78P',1),
('IAB1WV5YH','ZCM5P',1),
('DCLUI4TUH','Y3XDP',1),
('G3TIF1RFH','1N8RP',1),
('C5GD6AUEH','PFJNP',1),
('91OZH7HSH','1364P',1),
('U6XPEBBMH','8JOIP',2),
('NGUUWMF0H','M79AP',1),
('QFT71GM6H','ECEMP',1),
('1WGWKUYRH','AXNUP',2),
('JZ0SLM3SH','UAZIP',1),
('3EA36A2UH','PUE9P',1),
('W5NX8HZLH','DD6TP',1),
('MQ4UUAQCH','ECEMP',1),
('MQ4UUAQCH','O29KP',1),
('JCMW002PH','LD5BP',1),
('JNM2LEJ4H','RZYXP',1),
('ASHNJ7PCH','OSZ1P',1),
('ULJE9D4XH','M21HP',1),
('OCGS8T9LH','AK78P',1),
('F7OQ4JKGH','ZDS3P',1),
('F7OQ4JKGH','F2ZLP',1),
('F7OQ4JKGH','1364P',1),
('VPXVSGC4H','FNU1P',2),
('J6QLC775H','L1NIP',1),
('NIAXJNKMH','0H75P',1),
('SYMOVSGVH','VA1NP',3),
('G38L7FV4H','WV36P',1),
('514JJCVGH','1N8RP',1),
('3AGDJZBIH','L1NIP',1),
('NX70OW8EH','RZYXP',1),
('O74N193YH','RZYXP',1),
('C28VCMK3H','Y6YTP',1),
('C28VCMK3H','B0PWP',1),
('2JGWJUWLH','U0ZBP',1),
('2JGWJUWLH','WV36P',1),
('XMY3GG3GH','76HXP',3),
('GXYR9UELH','AK78P',1),
('T35JMMLAH','9N3ZP',1),
('T35JMMLAH','U0ZBP',1),
('VAOU569JH','PFJNP',1),
('X8U4YG43H','ZDS3P',1),
('Z8ECX4CGH','8JOIP',2),
('IERSKG54H','76HXP',1),
('IERSKG54H','O29KP',1),
('3H4L8C4PH','ECEMP',1),
('T6E8NVL3H','AXNUP',2),
('R880XRWQH','DD6TP',1),
('SA6FQOAEH','Y3XDP',1),
('SA6FQOAEH','SJ4AP',1),
('KOJOVLB9H','RZYXP',1),
('WKYE3ZA1H','VA1NP',1),
('NN4KLEXNH','AK78P',1),
('6B0PGM30H','O29KP',1),
('4P4DXRRCH','ZDS3P',1),
('4P4DXRRCH','F2ZLP',1),
('4P4DXRRCH','1364P',1),
('NTBMFHS1H','VA1NP',1),
('M3Q3IWJ7H','0H75P',1),
('HIJ9LSOJH','AK78P',1),
('HIJ9LSOJH','1N8RP',1),
('JXKCI94KH','SJ4AP',1),
('QLXTY5YZH','1364P',1),
('9N8HQOJTH','DD6TP',2),
('ZKIXVRAZH','SJ4AP',1),
('G3HUCPDDH','1N8RP',1),
('3CYOBAVFH','8JOIP',2),
('A57VATIAH','81VYP',1),
('VHKUEGREH','L1NIP',1),
('JR1868XCH','Y6YTP',1),
('JR1868XCH','B0PWP',1),
('ENNSX7BNH','ZCM5P',1),
('Q95PR7IYH','LD5BP',1),
('AJ0K6WQRH','H73EP',2),
('86FDP3X8H','U0ZBP',1),
('86FDP3X8H','WV36P',1),
('02X8IY5IH','KPLFP',1),
('6COB8YLIH','RZYXP',1),
('1FLF0ZTKH','VA1NP',1),
('XN69R1BSH','L1NIP',2),
('T6T4PGHAH','AK78P',1),
('MIF4RIE4H','ZCM5P',1),
('HCYZM6KTH','VA1NP',1),
('B7L8C9HQH','9N3ZP',1),
('B7L8C9HQH','U0ZBP',1),
('GW04J9VQH','8JOIP',2),
('23VUMFN6H','DD6TP',1),
('Q82KNJARH','8JOIP',2),
('J0WZYBW7H','8JOIP',1),
('RMN5YDX0H','PUE9P',1),
('CF5AUPR1H','VA1NP',1),
('GHPO3O16H','269GP',1),
('GHPO3O16H','VA1NP',1),
('H3QKW7KIH','M21HP',1),
('HTEA76V7H','AK78P',1),
('JLOAO2WQH','O29KP',1),
('BKXG7IYLH','ZDS3P',1),
('BKXG7IYLH','F2ZLP',1),
('BKXG7IYLH','1364P',1),
('X4EZFB51H','SJ4AP',1),
('JYQXK6NUH','WV36P',1),
('FH2LTWMSH','SJ4AP',1),
('AWU9B1TGH','1N8RP',1),
('YK5PKF6AH','81VYP',1),
('SXAHKHOJH','L1NIP',1),
('D5IJMJI5H','1364P',2),
('G6FJ6ZU8H','RZYXP',1),
('GYB8HBC1H','RZYXP',1),
('CKDDX3ZUH','Y6YTP',1),
('CKDDX3ZUH','B0PWP',1),
('2VCXY4B7H','E2CEP',1),
('SORW2XK7H','H73EP',2),
('BH6ZW0RDH','76HXP',3),
('JG1GJ6I0H','KPLFP',1),
('IG6LPKO4H','AK78P',1),
('CT8DFPT7H','ZCM5P',1),
('TO8L3021H','9N3ZP',1),
('TO8L3021H','U0ZBP',1),
('ZCUF581ZH','8JOIP',2),
('4KEFQ6MPH','1N8RP',1),
('8ESWMJBXH','PFJNP',1),
('UY5GNTVJH','UDDCP',1),
('UY5GNTVJH','PFJNP',1);

INSERT INTO NHAP VALUES
('54D4O','2022-08-13','13:27:50','US7OK','NC002'),
('4KDXO','2023-11-18','10:10:57','US7OK','NC006'),
('MQH2O','2023-05-29','13:34:41','ZHFHK','NC008'),
('34EXO','2022-08-11','18:55:27','US7OK','NC005'),
('NS1AO','2022-12-12','13:51:32','ITE5K','NC008'),
('DEFTO','2023-03-27','17:06:56','US7OK','NC008'),
('4QHSO','2022-05-27','16:40:29','ITE5K','NC003'),
('FABHO','2023-11-25','14:22:52','ITE5K','NC001'),
('U6TGO','2023-01-09','15:01:43','US7OK','NC002'),
('12GPO','2023-07-25','15:05:59','ZHFHK','NC007'),
('XZAAO','2022-08-16','19:03:29','ITE5K','NC003'),
('DCK6O','2022-12-10','14:41:02','ZHFHK','NC008'),
('T3XVO','2022-10-21','11:50:27','US7OK','NC007'),
('4T5BO','2022-02-27','11:25:21','US7OK','NC007'),
('DRKDO','2022-08-12','15:23:06','ITE5K','NC003'),
('6K9NO','2022-02-10','11:41:53','ITE5K','NC005'),
('GFT6O','2022-02-20','14:29:57','ITE5K','NC008'),
('Q1OKO','2022-02-04','20:44:36','ZHFHK','NC004'),
('OI4KO','2023-01-17','13:23:27','ITE5K','NC008'),
('S18OO','2023-12-20','11:56:09','US7OK','NC002'),
('EDHIO','2023-09-08','12:22:36','ITE5K','NC003'),
('3RIUO','2022-01-01','19:03:25','US7OK','NC004'),
('JRG8O','2023-06-05','16:26:03','ZHFHK','NC009'),
('YOEVO','2022-02-16','13:35:29','ZHFHK','NC003'),
('RJCMO','2022-12-20','17:57:43','US7OK','NC008'),
('OE3HO','2022-10-15','17:13:02','ITE5K','NC001'),
('MYV8O','2022-12-07','11:16:44','ITE5K','NC002'),
('HH5FO','2023-11-06','14:29:46','ZHFHK','NC003'),
('V36UO','2022-09-12','11:16:44','US7OK','NC006'),
('5298O','2022-09-26','19:28:57','US7OK','NC000'),
('0QCCO','2023-03-07','11:31:05','ITE5K','NC009'),
('SMTKO','2023-05-05','14:27:23','ZHFHK','NC009'),
('JN7FO','2023-03-21','16:30:37','ZHFHK','NC008'),
('WFHGO','2023-07-30','15:06:25','ITE5K','NC005'),
('3QI8O','2022-04-14','15:07:15','ITE5K','NC008'),
('DF1QO','2023-04-06','19:41:32','ZHFHK','NC007'),
('JF9WO','2023-11-20','16:30:12','US7OK','NC009'),
('929QO','2022-12-26','15:38:22','ITE5K','NC007'),
('HLMLO','2022-12-16','13:44:58','US7OK','NC003'),
('EFW7O','2023-06-23','18:50:52','ZHFHK','NC008'),
('2ROUO','2022-01-06','17:02:21','US7OK','NC001'),
('YDM6O','2022-05-27','17:28:36','ZHFHK','NC008'),
('WQEIO','2023-12-14','11:58:03','US7OK','NC006'),
('FN6FO','2023-08-15','15:59:14','US7OK','NC007'),
('4S6MO','2022-08-20','16:29:59','ITE5K','NC006'),
('MM6OO','2022-12-16','19:01:21','US7OK','NC004'),
('ROSXO','2022-02-16','17:38:11','ITE5K','NC009'),
('FD6WO','2023-07-20','15:14:46','ZHFHK','NC006'),
('094MO','2022-09-30','11:15:57','ZHFHK','NC007'),
('RQEAO','2023-10-28','20:15:31','ZHFHK','NC000'),
('PHUMO','2022-09-09','15:57:58','US7OK','NC008'),
('9XVNO','2022-01-20','19:32:47','US7OK','NC002'),
('96G9O','2022-01-03','15:53:31','US7OK','NC002'),
('V2ONO','2023-10-30','11:09:02','ITE5K','NC002'),
('V9JUO','2023-01-20','17:37:06','ITE5K','NC009'),
('Z9YCO','2022-04-17','13:08:38','ITE5K','NC001'),
('RA8UO','2023-01-12','14:47:48','ITE5K','NC002'),
('OVGHO','2022-11-11','10:19:23','US7OK','NC002'),
('9Q31O','2023-01-09','15:17:00','US7OK','NC009'),
('PCKHO','2022-02-13','16:01:01','ITE5K','NC009'),
('8YTJO','2022-10-21','13:13:35','ITE5K','NC008'),
('WOVRO','2023-10-30','10:13:34','US7OK','NC000'),
('TX3UO','2022-05-17','13:21:46','US7OK','NC004'),
('ISW4O','2022-02-10','20:17:21','ITE5K','NC007'),
('G0MSO','2023-08-06','13:17:18','US7OK','NC003'),
('SLD7O','2022-05-25','17:53:25','ITE5K','NC000'),
('79JXO','2022-10-12','12:29:52','ITE5K','NC000'),
('Y1Z6O','2022-06-03','19:01:51','ITE5K','NC001'),
('SY5BO','2022-10-11','19:23:26','ZHFHK','NC009'),
('4EFFO','2022-08-29','16:46:48','ZHFHK','NC009'),
('WI8TO','2023-02-15','16:41:35','ITE5K','NC002'),
('UKIRO','2023-11-16','18:46:10','US7OK','NC004'),
('AZMMO','2022-03-09','14:56:06','ITE5K','NC007'),
('4LW6O','2022-02-21','15:33:54','ITE5K','NC000'),
('HTQQO','2023-05-02','11:04:57','US7OK','NC008'),
('U6VIO','2023-02-27','19:51:03','US7OK','NC001'),
('824HO','2023-10-08','14:19:23','ITE5K','NC002'),
('ZYP2O','2022-12-25','14:41:02','ITE5K','NC004'),
('7T49O','2022-12-24','19:40:10','ZHFHK','NC004'),
('20YVO','2023-08-22','11:18:48','US7OK','NC000'),
('MFLAO','2022-02-25','11:25:58','US7OK','NC008'),
('TMN6O','2023-05-11','19:51:19','ITE5K','NC004'),
('RVJAO','2023-01-20','19:05:06','ZHFHK','NC009'),
('B5CAO','2022-05-08','11:16:50','ITE5K','NC008'),
('KLRLO','2022-05-23','16:07:49','ZHFHK','NC007'),
('K3G9O','2022-10-05','14:25:27','ZHFHK','NC009'),
('QB0FO','2023-04-08','19:39:04','ZHFHK','NC001'),
('SNVJO','2023-06-09','15:49:37','ZHFHK','NC009'),
('IOVAO','2022-02-07','20:16:19','US7OK','NC006'),
('GUTUO','2023-01-12','15:08:49','ITE5K','NC008'),
('J1ZGO','2022-11-14','19:40:24','ZHFHK','NC002'),
('TXB8O','2023-05-25','16:28:46','ZHFHK','NC001'),
('OK9MO','2022-01-12','14:31:29','ITE5K','NC001'),
('FDLDO','2022-06-08','13:12:37','US7OK','NC006'),
('HZP7O','2022-08-08','19:24:35','ITE5K','NC003'),
('9XQHO','2023-04-18','18:15:36','ZHFHK','NC003'),
('FSSSO','2022-09-11','17:48:20','ITE5K','NC005'),
('A6IOO','2022-11-15','11:42:47','US7OK','NC005'),
('J2FJO','2023-11-29','19:30:24','ITE5K','NC007'),
('BU5SO','2022-11-24','18:43:24','ITE5K','NC002');

INSERT INTO CHITIETNHAP VALUES
('54D4O','NL014',25784),
('4KDXO','NL016',28911),
('4KDXO','NL024',6006),
('4KDXO','NL004',26780),
('4KDXO','NL011',3175),
('MQH2O','NL021',5676),
('MQH2O','NL027',12584),
('34EXO','NL031',22759),
('34EXO','NL013',15916),
('34EXO','NL024',25115),
('34EXO','NL000',6554),
('34EXO','NL006',12825),
('NS1AO','NL032',13195),
('NS1AO','NL031',1307),
('NS1AO','NL026',11205),
('NS1AO','NL030',19713),
('NS1AO','NL006',18803),
('DEFTO','NL002',7880),
('4QHSO','NL022',13152),
('4QHSO','NL009',15898),
('4QHSO','NL029',8951),
('4QHSO','NL014',25211),
('FABHO','NL031',29785),
('FABHO','NL017',28002),
('FABHO','NL019',9381),
('FABHO','NL024',28477),
('U6TGO','NL022',6719),
('U6TGO','NL017',6590),
('U6TGO','NL006',25526),
('U6TGO','NL032',26605),
('12GPO','NL031',14118),
('12GPO','NL013',12283),
('12GPO','NL021',27051),
('XZAAO','NL030',16518),
('XZAAO','NL014',16332),
('XZAAO','NL010',23608),
('XZAAO','NL015',29238),
('DCK6O','NL007',17842),
('DCK6O','NL019',9128),
('DCK6O','NL014',29501),
('DCK6O','NL013',24715),
('DCK6O','NL015',20141),
('T3XVO','NL002',15531),
('4T5BO','NL003',17474),
('4T5BO','NL024',7806),
('4T5BO','NL027',16934),
('DRKDO','NL032',2863),
('DRKDO','NL025',14728),
('DRKDO','NL016',8604),
('6K9NO','NL011',9753),
('GFT6O','NL021',17105),
('GFT6O','NL030',23075),
('GFT6O','NL007',1734),
('Q1OKO','NL026',10404),
('OI4KO','NL031',28162),
('S18OO','NL020',23551),
('EDHIO','NL023',24895),
('3RIUO','NL026',25314),
('3RIUO','NL018',18445),
('3RIUO','NL010',18202),
('JRG8O','NL007',23503),
('JRG8O','NL008',8342),
('JRG8O','NL009',13696),
('JRG8O','NL013',28186),
('YOEVO','NL024',25444),
('RJCMO','NL019',192),
('RJCMO','NL000',5792),
('OE3HO','NL029',25626),
('OE3HO','NL001',4527),
('OE3HO','NL009',15303),
('MYV8O','NL027',3890),
('MYV8O','NL009',9203),
('MYV8O','NL031',17472),
('MYV8O','NL013',8268),
('HH5FO','NL012',26409),
('HH5FO','NL016',17381),
('HH5FO','NL022',7695),
('HH5FO','NL013',18524),
('V36UO','NL008',27390),
('V36UO','NL007',29399),
('5298O','NL002',6435),
('5298O','NL022',12584),
('5298O','NL006',23748),
('5298O','NL004',7937),
('5298O','NL024',6282),
('0QCCO','NL005',14263),
('SMTKO','NL030',18831),
('SMTKO','NL027',17571),
('SMTKO','NL029',15500),
('SMTKO','NL005',13258),
('JN7FO','NL010',12349),
('JN7FO','NL006',12812),
('JN7FO','NL009',20441),
('JN7FO','NL014',26755),
('JN7FO','NL016',26284),
('WFHGO','NL005',16609),
('WFHGO','NL025',11737),
('3QI8O','NL028',442),
('DF1QO','NL003',22619),
('DF1QO','NL021',29544),
('DF1QO','NL032',27937),
('DF1QO','NL000',12968),
('JF9WO','NL012',9830),
('JF9WO','NL003',24353),
('JF9WO','NL018',2066),
('JF9WO','NL005',19170),
('929QO','NL024',16769),
('929QO','NL025',7072),
('929QO','NL032',7140),
('929QO','NL009',23873),
('HLMLO','NL003',2925),
('HLMLO','NL015',12612),
('HLMLO','NL030',2711),
('HLMLO','NL010',19328),
('HLMLO','NL016',14595),
('EFW7O','NL006',17451),
('2ROUO','NL000',13147),
('2ROUO','NL018',16724),
('2ROUO','NL019',22724),
('YDM6O','NL006',7430),
('YDM6O','NL024',119),
('YDM6O','NL023',10008),
('YDM6O','NL005',14392),
('YDM6O','NL015',12363),
('WQEIO','NL013',11694),
('WQEIO','NL016',28180),
('WQEIO','NL031',11342),
('WQEIO','NL009',15481),
('FN6FO','NL017',1433),
('FN6FO','NL024',3764),
('4S6MO','NL021',11880),
('4S6MO','NL031',2920),
('4S6MO','NL002',170),
('4S6MO','NL004',15232),
('MM6OO','NL031',11059),
('MM6OO','NL027',14162),
('MM6OO','NL018',1576),
('MM6OO','NL012',8590),
('MM6OO','NL005',15523),
('ROSXO','NL000',13111),
('ROSXO','NL018',7982),
('ROSXO','NL030',25700),
('FD6WO','NL002',16856),
('FD6WO','NL016',5165),
('FD6WO','NL028',3801),
('094MO','NL016',5473),
('RQEAO','NL011',26521),
('RQEAO','NL006',8738),
('RQEAO','NL014',4623),
('RQEAO','NL000',3352),
('PHUMO','NL015',22348),
('PHUMO','NL021',28925),
('PHUMO','NL003',20391),
('PHUMO','NL020',19350),
('PHUMO','NL019',16451),
('9XVNO','NL001',12749),
('9XVNO','NL017',17597),
('9XVNO','NL011',23826),
('96G9O','NL026',732),
('96G9O','NL030',4972),
('96G9O','NL018',1094),
('V2ONO','NL013',14395),
('V2ONO','NL015',12278),
('V9JUO','NL013',27788),
('Z9YCO','NL006',1205),
('Z9YCO','NL009',23997),
('Z9YCO','NL003',17219),
('RA8UO','NL026',3503),
('RA8UO','NL008',3077),
('OVGHO','NL010',9),
('9Q31O','NL002',6378),
('PCKHO','NL012',11856),
('PCKHO','NL028',12155),
('PCKHO','NL017',5292),
('PCKHO','NL023',11173),
('8YTJO','NL020',23729),
('8YTJO','NL016',12880),
('WOVRO','NL014',1967),
('WOVRO','NL017',16882),
('WOVRO','NL019',21487),
('TX3UO','NL007',14122),
('ISW4O','NL000',17537),
('ISW4O','NL002',18608),
('ISW4O','NL001',7164),
('ISW4O','NL019',4647),
('ISW4O','NL011',27160),
('G0MSO','NL028',20573),
('G0MSO','NL007',18724),
('SLD7O','NL008',4004),
('SLD7O','NL003',24241),
('SLD7O','NL013',20568),
('SLD7O','NL012',11932),
('79JXO','NL000',12363),
('Y1Z6O','NL026',26904),
('Y1Z6O','NL006',969),
('SY5BO','NL014',23832),
('4EFFO','NL028',11755),
('4EFFO','NL027',14192),
('4EFFO','NL020',1595),
('4EFFO','NL031',10091),
('4EFFO','NL021',10357),
('WI8TO','NL027',9421),
('WI8TO','NL006',27951),
('WI8TO','NL005',11588),
('WI8TO','NL021',14379),
('WI8TO','NL020',14511),
('UKIRO','NL008',9570),
('AZMMO','NL024',18154),
('AZMMO','NL004',4094),
('AZMMO','NL001',11090),
('4LW6O','NL004',22862),
('4LW6O','NL020',27203),
('4LW6O','NL019',4442),
('4LW6O','NL018',3607),
('HTQQO','NL007',14656),
('HTQQO','NL013',21919),
('HTQQO','NL010',22148),
('HTQQO','NL024',22180),
('U6VIO','NL019',11217),
('U6VIO','NL017',23061),
('U6VIO','NL002',12533),
('U6VIO','NL032',27140),
('824HO','NL011',18189),
('824HO','NL008',5473),
('ZYP2O','NL005',13089),
('ZYP2O','NL013',27646),
('ZYP2O','NL023',2999),
('ZYP2O','NL015',24141),
('ZYP2O','NL032',9959),
('7T49O','NL023',14742),
('7T49O','NL016',27962),
('7T49O','NL013',1508),
('7T49O','NL018',22774),
('20YVO','NL017',8178),
('20YVO','NL008',762),
('MFLAO','NL026',28976),
('MFLAO','NL032',18331),
('MFLAO','NL009',1549),
('MFLAO','NL017',7358),
('MFLAO','NL010',23182),
('TMN6O','NL019',8193),
('TMN6O','NL031',20731),
('RVJAO','NL011',5820),
('B5CAO','NL024',22010),
('KLRLO','NL022',22737),
('KLRLO','NL024',1613),
('KLRLO','NL000',7895),
('KLRLO','NL016',13736),
('KLRLO','NL010',26673),
('K3G9O','NL000',9208),
('K3G9O','NL002',10113),
('QB0FO','NL009',23147),
('SNVJO','NL016',10418),
('SNVJO','NL007',5513),
('SNVJO','NL010',26728),
('IOVAO','NL007',1460),
('IOVAO','NL002',10139),
('IOVAO','NL001',12011),
('IOVAO','NL008',8702),
('IOVAO','NL019',233),
('GUTUO','NL031',28616),
('GUTUO','NL013',28145),
('GUTUO','NL027',4228),
('GUTUO','NL028',26390),
('J1ZGO','NL023',18835),
('J1ZGO','NL007',14640),
('J1ZGO','NL020',7963),
('J1ZGO','NL031',5636),
('J1ZGO','NL025',20488),
('TXB8O','NL023',3103),
('TXB8O','NL022',28164),
('TXB8O','NL007',25879),
('OK9MO','NL010',15045),
('FDLDO','NL000',26225),
('FDLDO','NL024',9943),
('HZP7O','NL004',15317),
('HZP7O','NL017',4405),
('HZP7O','NL019',21371),
('9XQHO','NL028',29025),
('9XQHO','NL023',28651),
('9XQHO','NL029',23473),
('FSSSO','NL002',19162),
('FSSSO','NL013',29941),
('FSSSO','NL032',23037),
('A6IOO','NL004',26327),
('A6IOO','NL012',6250),
('A6IOO','NL013',25292),
('J2FJO','NL030',295),
('BU5SO','NL004',19069),
('BU5SO','NL027',21382),
('BU5SO','NL028',7307),
('BU5SO','NL014',14966);

INSERT INTO GIOHANG VALUES
    ('4O6TK', 'M21HP', 2),
    ('4O6TK', 'E2CEP', 1),
    ('4O6TK', '0H75P', 3),
    ('IKPOK', 'E2CEP', 1),
    ('IKPOK', 'Y3XDP', 2),
    ('IKPOK', '76HXP', 1),
    ('IKPOK', 'ZCM5P', 1),
    ('J2YWK', 'SJ4AP', 2),
    ('J2YWK', '76HXP', 3),
    ('J2YWK', 'PFJNP', 1);

INSERT INTO CHEBIEN VALUES
    ('0QBDZ95OB', 'CT778', 'J98SSKBRH', '4O6TK', '2024-05-18', '01:19:12'),
    ('1ULP7MLOB', 'CT016', 'PN6DVD2KH', '4O6TK', '2024-05-18', '01:17:13'),
    ('AW8A0GD7B', 'CT008', 'RUQQC22FH', '4O6TK', '2024-05-18', '01:15:08'),
    ('L5SZ33JJB', 'CT012', 'J98SSKBRH', '4O6TK', '2024-05-18', '01:18:27'),
    ('YMYITMPAB', 'CT505', 'RUQQC22FH', '4O6TK', '2024-05-18', '01:17:38');

-- Trigger
GO
CREATE TRIGGER TRG_CHITIETNHAP_INSERT ON CHITIETNHAP FOR INSERT AS BEGIN
  UPDATE NGUYENLIEU SET SoLuong = SoLuong + (SELECT SoLuong FROM inserted) WHERE MaNL = (SELECT MaNL FROM inserted)
END
GO
CREATE TRIGGER TRG_CHITIETNHAP_DELETE ON CHITIETNHAP FOR DELETE AS BEGIN
  DECLARE @MaNL AS char(5), @SoLuong AS float
  DECLARE CUR_NGUYENLIEU CURSOR FOR
    SELECT MaNL, SoLuong FROM deleted
  OPEN CUR_NGUYENLIEU
  FETCH NEXT FROM CUR_NGUYENLIEU INTO @MaNL, @SoLuong
  WHILE @@FETCH_STATUS = 0 BEGIN
    IF (SELECT SoLuong FROM NGUYENLIEU WHERE MaNL = @MaNL) - @SoLuong < 0 BEGIN
	    PRINT N'Không thể xoá chi tiết nhập do số lượng nguyên liệu không đủ.'
		ROLLBACK TRANSACTION
		BREAK
	END
	UPDATE NGUYENLIEU SET SoLuong = SoLuong - @SoLuong WHERE MaNL = @MaNL
    FETCH NEXT FROM CUR_NGUYENLIEU INTO @MaNL, @SoLuong
  END
  CLOSE CUR_NGUYENLIEU
  DEALLOCATE CUR_NGUYENLIEU
END
GO
CREATE TRIGGER TRG_CHEBIEN_INSERT ON CHEBIEN FOR INSERT AS BEGIN
  DECLARE @MaNL AS char(5), @SoLuong AS float
  DECLARE CUR_NGUYENLIEU CURSOR FOR
    SELECT MaNL, SoLuong FROM inserted
	  JOIN CHITIETCONGTHUC ON inserted.MaCongThuc = CHITIETCONGTHUC.MaCongThuc
  OPEN CUR_NGUYENLIEU
  FETCH NEXT FROM CUR_NGUYENLIEU INTO @MaNL, @SoLuong
  WHILE @@FETCH_STATUS = 0 BEGIN
    IF (SELECT SoLuong FROM NGUYENLIEU WHERE MaNL = @MaNL) - @SoLuong < 0 BEGIN
	    PRINT N'Không đủ nguyên liệu để làm bánh pizza. Vui lòng chọn công thức khác hoặc gọi bộ phận kho làm phiếu nhập.'
		ROLLBACK TRANSACTION
		BREAK
	END
    UPDATE NGUYENLIEU SET SoLuong = SoLuong - @SoLuong WHERE MaNL = @MaNL
    FETCH NEXT FROM CUR_NGUYENLIEU INTO @MaNL, @SoLuong
  END
  CLOSE CUR_NGUYENLIEU
  DEALLOCATE CUR_NGUYENLIEU
END
GO
CREATE TRIGGER TRG_CHEBIEN_DELETE ON CHEBIEN FOR DELETE AS BEGIN
  DECLARE @MaNL AS char(5), @SoLuong AS float
  DECLARE CUR_NGUYENLIEU CURSOR FOR
    SELECT MaNL, SoLuong FROM deleted
	  JOIN CHITIETCONGTHUC ON deleted.MaCongThuc = CHITIETCONGTHUC.MaCongThuc
  OPEN CUR_NGUYENLIEU
  FETCH NEXT FROM CUR_NGUYENLIEU INTO @MaNL, @SoLuong
  WHILE @@FETCH_STATUS = 0 BEGIN
    UPDATE NGUYENLIEU SET SoLuong = SoLuong + @SoLuong WHERE MaNL = @MaNL
    FETCH NEXT FROM CUR_NGUYENLIEU INTO @MaNL, @SoLuong
  END
  CLOSE CUR_NGUYENLIEU
  DEALLOCATE CUR_NGUYENLIEU
END

/* Xoá bảng
DROP TRIGGER TRG_CHEBIEN_DELETE
DROP TRIGGER TRG_CHEBIEN_INSERT
DROP TRIGGER TRG_CHITIETNHAP_DELETE
DROP TRIGGER TRG_CHITIETNHAP_INSERT
DROP TABLE CHEBIEN
DROP TABLE GIOHANG
DROP TABLE CHITIETNHAP
DROP TABLE CHITIETQUYENHAN
DROP TABLE CHITIETCONGTHUC
DROP TABLE CHITIETHOADON
DROP TABLE NHAP
DROP TABLE NGUYENLIEU
DROP TABLE HOADON
DROP TABLE CONGTHUC
DROP TABLE PIZZA
DROP TABLE LOAIPIZZA
DROP TABLE NGUOIDUNG
DROP TABLE QUYENHAN
DROP TABLE BAN
DROP TABLE CONGVIEC
DROP TABLE NHACUNGCAP
DROP FUNCTION FUNC_HOADON_TONGTIEN
DROP FUNCTION FUNC_PIZZA_GIAVONBINHQUAN
DROP PROCEDURE PROC_THONGKE_HOADON
DROP PROCEDURE PROC_THONGKE_NGUYENLIEU
DROP PROCEDURE PROC_THONGKE_PIZZA
DROP FUNCTION FUNC_HOADON_TRADU
DROP PROCEDURE PROC_CONGTHUC_CHIPHI
DROP PROCEDURE PROC_GIOHANG_THANHTIEN
DROP PROCEDURE PROC_HOADON_TONGTIEN
DROP PROCEDURE PROC_NHAP_TONGTIEN
DROP PROCEDURE PROC_PIZZA_GIAVONBINHQUAN
DROP FUNCTION FUNC_PIZZA_GIAVON
DROP PROCEDURE PROC_GIOHANG_PIZZA
DROP PROCEDURE PROC_NGUOIDUNG_DANGNHAP
*/